[INFO] Scanning for projects...
[INFO] 
[INFO] ------------------------< org.library:library >-------------------------
[INFO] Building library 0.0.1-SNAPSHOT
[INFO]   from pom.xml
[INFO] --------------------------------[ jar ]---------------------------------
[INFO] 
[INFO] >>> spring-boot:4.0.6:run (default-cli) > test-compile @ library >>>
[INFO] 
[INFO] --- resources:3.3.1:resources (default-resources) @ library ---
[INFO] Copying 1 resource from src\main\resources to target\classes
[INFO] Copying 0 resource from src\main\resources to target\classes
[INFO] 
[INFO] --- compiler:3.14.1:compile (default-compile) @ library ---
[INFO] Recompiling the module because of changed source code.
[INFO] Compiling 55 source files with javac [debug parameters release 21] to target\classes
[INFO] 
[INFO] --- resources:3.3.1:testResources (default-testResources) @ library ---
[INFO] skip non existing resourceDirectory C:\Users\Moh7ammedFawzy\IdeaProjects\Spring-Boot-Library-Management\backend\src\test\resources
[INFO] 
[INFO] --- compiler:3.14.1:testCompile (default-testCompile) @ library ---
[INFO] Recompiling the module because of changed dependency.
[INFO] Compiling 1 source file with javac [debug parameters release 21] to target\test-classes
[INFO] 
[INFO] <<< spring-boot:4.0.6:run (default-cli) < test-compile @ library <<<
[INFO] 
[INFO] 
[INFO] --- spring-boot:4.0.6:run (default-cli) @ library ---
[INFO] Attaching agents: []

  .   ____          _            __ _ _
 /\\ / ___'_ __ _ _(_)_ __  __ _ \ \ \ \
( ( )\___ | '_ | '_| | '_ \/ _` | \ \ \ \
 \\/  ___)| |_)| | | | | || (_| |  ) ) ) )
  '  |____| .__|_| |_|_| |_\__, | / / / /
 =========|_|==============|___/=/_/_/_/

 :: Spring Boot ::                (v4.0.6)

2026-08-21T20:49:13.620+03:00  INFO 7284 --- [library] [  restartedMain] org.library.LibraryApplication           : Starting LibraryApplication using Java 21.0.11 with PID 7284 (C:\Users\Moh7ammedFawzy\IdeaProjects\Spring-Boot-Library-Management\backend\target\classes started by Moh7ammedFawzy in C:\Users\Moh7ammedFawzy\IdeaProjects\Spring-Boot-Library-Management\backend)
2026-08-21T20:49:13.632+03:00  INFO 7284 --- [library] [  restartedMain] org.library.LibraryApplication           : No active profile set, falling back to 1 default profile: "default"
2026-08-21T20:49:13.821+03:00  INFO 7284 --- [library] [  restartedMain] .e.DevToolsPropertyDefaultsPostProcessor : Devtools property defaults active! Set 'spring.devtools.add-properties' to 'false' to disable
2026-08-21T20:49:13.822+03:00  INFO 7284 --- [library] [  restartedMain] .e.DevToolsPropertyDefaultsPostProcessor : For additional web related logging consider setting the 'logging.level.web' property to 'DEBUG'
2026-08-21T20:49:16.069+03:00  INFO 7284 --- [library] [  restartedMain] .s.d.r.c.RepositoryConfigurationDelegate : Bootstrapping Spring Data JPA repositories in DEFAULT mode.
2026-08-21T20:49:16.266+03:00  INFO 7284 --- [library] [  restartedMain] .s.d.r.c.RepositoryConfigurationDelegate : Finished Spring Data repository scanning in 177 ms. Found 5 JPA repository interfaces.
2026-08-21T20:49:17.979+03:00  INFO 7284 --- [library] [  restartedMain] o.s.boot.tomcat.TomcatWebServer          : Tomcat initialized with port 5050 (http)
2026-08-21T20:49:18.017+03:00  INFO 7284 --- [library] [  restartedMain] o.apache.catalina.core.StandardService   : Starting service [Tomcat]
2026-08-21T20:49:18.018+03:00  INFO 7284 --- [library] [  restartedMain] o.apache.catalina.core.StandardEngine    : Starting Servlet engine: [Apache Tomcat/11.0.21]
2026-08-21T20:49:18.141+03:00  INFO 7284 --- [library] [  restartedMain] b.w.c.s.WebApplicationContextInitializer : Root WebApplicationContext: initialization completed in 4316 ms
2026-08-21T20:49:18.618+03:00  INFO 7284 --- [library] [  restartedMain] org.hibernate.orm.jpa                    : HHH008540: Processing PersistenceUnitInfo [name: default]
2026-08-21T20:49:18.793+03:00  INFO 7284 --- [library] [  restartedMain] org.hibernate.orm.core                   : HHH000001: Hibernate ORM core version 7.2.12.Final
2026-08-21T20:49:20.299+03:00  INFO 7284 --- [library] [  restartedMain] o.s.o.j.p.SpringPersistenceUnitInfo      : No LoadTimeWeaver setup: ignoring JPA class transformer
2026-08-21T20:49:20.404+03:00  INFO 7284 --- [library] [  restartedMain] com.zaxxer.hikari.HikariDataSource       : HikariPool-1 - Starting...
2026-08-21T20:49:21.321+03:00  INFO 7284 --- [library] [  restartedMain] com.zaxxer.hikari.pool.HikariPool        : HikariPool-1 - Added connection ConnectionID:1 ClientConnectionId: 8d747742-05c6-470e-a693-4baace1eac48
2026-08-21T20:49:21.329+03:00  INFO 7284 --- [library] [  restartedMain] com.zaxxer.hikari.HikariDataSource       : HikariPool-1 - Start completed.
2026-08-21T20:49:21.800+03:00  INFO 7284 --- [library] [  restartedMain] org.hibernate.orm.connections.pooling    : HHH10001005: Database info:
	Database JDBC URL [jdbc:sqlserver://localhost:1433;concatNullYieldsNull=ON;quotedIdentifier=ON;connectRetryInterval=10;connectRetryCount=1;maxResultBuffer=-1;sendTemporalDataTypesAsStringForBulkCopy=true;delayLoadingLobs=true;useFmtOnly=false;vectorTypeSupport=v1;cacheBulkCopyMetadata=false;bulkCopyForBatchInsertAllowEncryptedValueModifications=false;bulkCopyForBatchInsertTableLock=false;bulkCopyForBatchInsertKeepNulls=false;bulkCopyForBatchInsertKeepIdentity=false;bulkCopyForBatchInsertFireTriggers=false;bulkCopyForBatchInsertCheckConstraints=false;bulkCopyForBatchInsertBatchSize=0;useBulkCopyForBatchInsert=false;cancelQueryTimeout=-1;sslProtocol=TLS;calcBigDecimalPrecision=false;useDefaultJaasConfig=false;jaasConfigurationName=SQLJDBCDriver;statementPoolingCacheSize=0;serverPreparedStatementDiscardThreshold=10;enablePrepareOnFirstPreparedStatementCall=false;fips=false;socketTimeout=0;authentication=NotSpecified;authenticationScheme=nativeAuthentication;xopenStates=false;datetimeParameterType=datetime2;sendTimeAsDatetime=true;replication=false;trustStoreType=JKS;trustServerCertificate=true;TransparentNetworkIPResolution=true;iPAddressPreference=IPv4First;serverNameAsACE=false;sendStringParametersAsUnicode=true;selectMethod=direct;responseBuffering=adaptive;queryTimeout=-1;packetSize=8000;multiSubnetFailover=false;loginTimeout=30;lockTimeout=-1;lastUpdateCount=true;useDefaultGSSCredential=false;prepareMethod=prepexec;encrypt=true;disableStatementPooling=true;databaseName=library;columnEncryptionSetting=Disabled;applicationName=Microsoft JDBC Driver for SQL Server;applicationIntent=readwrite;]
	Database driver: Microsoft JDBC Driver 13.2 for SQL Server
	Database dialect: SQLServerDialect
	Database version: 16.0
	Default catalog/schema: library/dbo
	Autocommit mode: undefined/unknown
	Isolation level: READ_COMMITTED [default READ_COMMITTED]
	JDBC fetch size: 128
	Pool: DataSourceConnectionProvider
	Minimum pool size: undefined/unknown
	Maximum pool size: undefined/unknown
2026-08-21T20:49:26.483+03:00  INFO 7284 --- [library] [  restartedMain] org.hibernate.orm.core                   : HHH000489: No JTA platform available (set 'hibernate.transaction.jta.platform' to enable JTA platform integration)
2026-08-21T20:49:28.177+03:00  INFO 7284 --- [library] [  restartedMain] j.LocalContainerEntityManagerFactoryBean : Initialized JPA EntityManagerFactory for persistence unit 'default'
2026-08-21T20:49:28.478+03:00  INFO 7284 --- [library] [  restartedMain] o.s.d.j.r.query.QueryEnhancerFactories   : Hibernate is in classpath; If applicable, HQL parser will be used.
2026-08-21T20:49:29.245+03:00 TRACE 7284 --- [library] [  restartedMain] eGlobalAuthenticationAutowiredConfigurer : Eagerly initializing {securityConfig=org.library.security.SecurityConfig$$SpringCGLIB$$0@572c8766}
2026-08-21T20:49:29.272+03:00  INFO 7284 --- [library] [  restartedMain] r$InitializeUserDetailsManagerConfigurer : Global AuthenticationManager configured with UserDetailsService bean with name userDetailsService
2026-08-21T20:49:29.648+03:00  WARN 7284 --- [library] [  restartedMain] JpaBaseConfiguration$JpaWebConfiguration : spring.jpa.open-in-view is enabled by default. Therefore, database queries may be performed during view rendering. Explicitly configure spring.jpa.open-in-view to disable this warning
2026-08-21T20:49:30.240+03:00 DEBUG 7284 --- [library] [  restartedMain] o.s.s.web.DefaultSecurityFilterChain     : Will secure any request with filters: DisableEncodeUrlFilter, WebAsyncManagerIntegrationFilter, SecurityContextHolderFilter, HeaderWriterFilter, LogoutFilter, JwtAuthFilter, RequestCacheAwareFilter, SecurityContextHolderAwareRequestFilter, AnonymousAuthenticationFilter, SessionManagementFilter, ExceptionTranslationFilter, AuthorizationFilter
2026-08-21T20:49:31.289+03:00  INFO 7284 --- [library] [  restartedMain] o.s.boot.tomcat.TomcatWebServer          : Tomcat started on port 5050 (http) with context path '/'
2026-08-21T20:49:31.307+03:00  INFO 7284 --- [library] [  restartedMain] org.library.LibraryApplication           : Started LibraryApplication in 19.0 seconds (process running for 20.431)
Hibernate: select u1_0.id,u1_0.email,u1_0.name,u1_0.password,u1_0.role from users u1_0 where u1_0.email=?
2026-08-21T20:49:55.363+03:00  INFO 7284 --- [library] [nio-5050-exec-1] o.a.c.c.C.[Tomcat].[localhost].[/]       : Initializing Spring DispatcherServlet 'dispatcherServlet'
2026-08-21T20:49:55.365+03:00  INFO 7284 --- [library] [nio-5050-exec-1] o.s.web.servlet.DispatcherServlet        : Initializing Servlet 'dispatcherServlet'
2026-08-21T20:49:55.369+03:00  INFO 7284 --- [library] [nio-5050-exec-1] o.s.web.servlet.DispatcherServlet        : Completed initialization in 4 ms
2026-08-21T20:49:55.418+03:00 TRACE 7284 --- [library] [nio-5050-exec-1] o.s.security.web.FilterChainProxy        : Trying to match request against DefaultSecurityFilterChain defined as 'securityFilterChain' in [class path resource [org/library/security/SecurityConfig.class]] matching [any request] and having filters [DisableEncodeUrl, WebAsyncManagerIntegration, SecurityContextHolder, HeaderWriter, Logout, JwtAuth, RequestCacheAware, SecurityContextHolderAwareRequest, AnonymousAuthentication, SessionManagement, ExceptionTranslation, Authorization] (1/1)
2026-08-21T20:49:55.420+03:00 DEBUG 7284 --- [library] [nio-5050-exec-1] o.s.security.web.FilterChainProxy        : Securing GET /api/health
2026-08-21T20:49:55.422+03:00 TRACE 7284 --- [library] [nio-5050-exec-1] o.s.security.web.FilterChainProxy        : Invoking DisableEncodeUrlFilter (1/12)
2026-08-21T20:49:55.424+03:00 TRACE 7284 --- [library] [nio-5050-exec-1] o.s.security.web.FilterChainProxy        : Invoking WebAsyncManagerIntegrationFilter (2/12)
2026-08-21T20:49:55.433+03:00 TRACE 7284 --- [library] [nio-5050-exec-1] o.s.security.web.FilterChainProxy        : Invoking SecurityContextHolderFilter (3/12)
2026-08-21T20:49:55.436+03:00 TRACE 7284 --- [library] [nio-5050-exec-1] o.s.security.web.FilterChainProxy        : Invoking HeaderWriterFilter (4/12)
2026-08-21T20:49:55.441+03:00 TRACE 7284 --- [library] [nio-5050-exec-1] o.s.security.web.FilterChainProxy        : Invoking LogoutFilter (5/12)
2026-08-21T20:49:55.445+03:00 TRACE 7284 --- [library] [nio-5050-exec-1] o.s.s.w.a.logout.LogoutFilter            : Did not match request to Or [PathPattern [GET /logout], PathPattern [POST /logout], PathPattern [PUT /logout], PathPattern [DELETE /logout]]
2026-08-21T20:49:55.446+03:00 TRACE 7284 --- [library] [nio-5050-exec-1] o.s.security.web.FilterChainProxy        : Invoking JwtAuthFilter (6/12)
2026-08-21T20:49:55.447+03:00 TRACE 7284 --- [library] [nio-5050-exec-1] o.s.security.web.FilterChainProxy        : Invoking RequestCacheAwareFilter (7/12)
2026-08-21T20:49:55.448+03:00 TRACE 7284 --- [library] [nio-5050-exec-1] o.s.security.web.FilterChainProxy        : Invoking SecurityContextHolderAwareRequestFilter (8/12)
2026-08-21T20:49:55.451+03:00 TRACE 7284 --- [library] [nio-5050-exec-1] o.s.security.web.FilterChainProxy        : Invoking AnonymousAuthenticationFilter (9/12)
2026-08-21T20:49:55.453+03:00 TRACE 7284 --- [library] [nio-5050-exec-1] o.s.security.web.FilterChainProxy        : Invoking SessionManagementFilter (10/12)
2026-08-21T20:49:55.454+03:00 TRACE 7284 --- [library] [nio-5050-exec-1] .s.s.w.c.SupplierDeferredSecurityContext : Created SecurityContextImpl [Null authentication]
2026-08-21T20:49:55.460+03:00 TRACE 7284 --- [library] [nio-5050-exec-1] o.s.s.w.a.AnonymousAuthenticationFilter  : Set SecurityContextHolder to AnonymousAuthenticationToken [Principal=anonymousUser, Credentials=[PROTECTED], Authenticated=true, Details=WebAuthenticationDetails [RemoteIpAddress=0:0:0:0:0:0:0:1, SessionId=null], Granted Authorities=[ROLE_ANONYMOUS]]
2026-08-21T20:49:55.461+03:00 TRACE 7284 --- [library] [nio-5050-exec-1] o.s.security.web.FilterChainProxy        : Invoking ExceptionTranslationFilter (11/12)
2026-08-21T20:49:55.461+03:00 TRACE 7284 --- [library] [nio-5050-exec-1] o.s.security.web.FilterChainProxy        : Invoking AuthorizationFilter (12/12)
2026-08-21T20:49:55.475+03:00 TRACE 7284 --- [library] [nio-5050-exec-1] estMatcherDelegatingAuthorizationManager : Authorizing GET /api/health
2026-08-21T20:49:55.477+03:00 TRACE 7284 --- [library] [nio-5050-exec-1] estMatcherDelegatingAuthorizationManager : Checking authorization on GET /api/health using org.springframework.security.authorization.SingleResultAuthorizationManager@4420bcf
2026-08-21T20:49:55.479+03:00 DEBUG 7284 --- [library] [nio-5050-exec-1] o.s.security.web.FilterChainProxy        : Secured GET /api/health
2026-08-21T20:49:56.046+03:00 TRACE 7284 --- [library] [nio-5050-exec-1] o.s.s.w.header.writers.HstsHeaderWriter  : Not injecting HSTS header since it did not match request to [Is Secure]
2026-08-21T20:49:59.669+03:00 TRACE 7284 --- [library] [nio-5050-exec-2] o.s.security.web.FilterChainProxy        : Trying to match request against DefaultSecurityFilterChain defined as 'securityFilterChain' in [class path resource [org/library/security/SecurityConfig.class]] matching [any request] and having filters [DisableEncodeUrl, WebAsyncManagerIntegration, SecurityContextHolder, HeaderWriter, Logout, JwtAuth, RequestCacheAware, SecurityContextHolderAwareRequest, AnonymousAuthentication, SessionManagement, ExceptionTranslation, Authorization] (1/1)
2026-08-21T20:49:59.670+03:00 DEBUG 7284 --- [library] [nio-5050-exec-2] o.s.security.web.FilterChainProxy        : Securing POST /api/auth/login
2026-08-21T20:49:59.670+03:00 TRACE 7284 --- [library] [nio-5050-exec-2] o.s.security.web.FilterChainProxy        : Invoking DisableEncodeUrlFilter (1/12)
2026-08-21T20:49:59.671+03:00 TRACE 7284 --- [library] [nio-5050-exec-2] o.s.security.web.FilterChainProxy        : Invoking WebAsyncManagerIntegrationFilter (2/12)
2026-08-21T20:49:59.672+03:00 TRACE 7284 --- [library] [nio-5050-exec-2] o.s.security.web.FilterChainProxy        : Invoking SecurityContextHolderFilter (3/12)
2026-08-21T20:49:59.674+03:00 TRACE 7284 --- [library] [nio-5050-exec-2] o.s.security.web.FilterChainProxy        : Invoking HeaderWriterFilter (4/12)
2026-08-21T20:49:59.676+03:00 TRACE 7284 --- [library] [nio-5050-exec-2] o.s.security.web.FilterChainProxy        : Invoking LogoutFilter (5/12)
2026-08-21T20:49:59.678+03:00 TRACE 7284 --- [library] [nio-5050-exec-2] o.s.s.w.a.logout.LogoutFilter            : Did not match request to Or [PathPattern [GET /logout], PathPattern [POST /logout], PathPattern [PUT /logout], PathPattern [DELETE /logout]]
2026-08-21T20:49:59.679+03:00 TRACE 7284 --- [library] [nio-5050-exec-2] o.s.security.web.FilterChainProxy        : Invoking JwtAuthFilter (6/12)
2026-08-21T20:49:59.681+03:00 TRACE 7284 --- [library] [nio-5050-exec-2] o.s.security.web.FilterChainProxy        : Invoking RequestCacheAwareFilter (7/12)
2026-08-21T20:49:59.682+03:00 TRACE 7284 --- [library] [nio-5050-exec-2] o.s.security.web.FilterChainProxy        : Invoking SecurityContextHolderAwareRequestFilter (8/12)
2026-08-21T20:49:59.682+03:00 TRACE 7284 --- [library] [nio-5050-exec-2] o.s.security.web.FilterChainProxy        : Invoking AnonymousAuthenticationFilter (9/12)
2026-08-21T20:49:59.685+03:00 TRACE 7284 --- [library] [nio-5050-exec-2] o.s.security.web.FilterChainProxy        : Invoking SessionManagementFilter (10/12)
2026-08-21T20:49:59.687+03:00 TRACE 7284 --- [library] [nio-5050-exec-2] .s.s.w.c.SupplierDeferredSecurityContext : Created SecurityContextImpl [Null authentication]
2026-08-21T20:49:59.688+03:00 TRACE 7284 --- [library] [nio-5050-exec-2] o.s.s.w.a.AnonymousAuthenticationFilter  : Set SecurityContextHolder to AnonymousAuthenticationToken [Principal=anonymousUser, Credentials=[PROTECTED], Authenticated=true, Details=WebAuthenticationDetails [RemoteIpAddress=0:0:0:0:0:0:0:1, SessionId=null], Granted Authorities=[ROLE_ANONYMOUS]]
2026-08-21T20:49:59.689+03:00 TRACE 7284 --- [library] [nio-5050-exec-2] o.s.security.web.FilterChainProxy        : Invoking ExceptionTranslationFilter (11/12)
2026-08-21T20:49:59.689+03:00 TRACE 7284 --- [library] [nio-5050-exec-2] o.s.security.web.FilterChainProxy        : Invoking AuthorizationFilter (12/12)
2026-08-21T20:49:59.690+03:00 TRACE 7284 --- [library] [nio-5050-exec-2] estMatcherDelegatingAuthorizationManager : Authorizing POST /api/auth/login
2026-08-21T20:49:59.691+03:00 TRACE 7284 --- [library] [nio-5050-exec-2] estMatcherDelegatingAuthorizationManager : Checking authorization on POST /api/auth/login using org.springframework.security.authorization.SingleResultAuthorizationManager@4420bcf
2026-08-21T20:49:59.694+03:00 DEBUG 7284 --- [library] [nio-5050-exec-2] o.s.security.web.FilterChainProxy        : Secured POST /api/auth/login
2026-08-21T20:49:59.839+03:00 TRACE 7284 --- [library] [nio-5050-exec-2] o.s.s.authentication.ProviderManager     : Authenticating request with DaoAuthenticationProvider (1/1)
Hibernate: select u1_0.id,u1_0.email,u1_0.name,u1_0.password,u1_0.role from users u1_0 where u1_0.email=?
2026-08-21T20:50:00.446+03:00 DEBUG 7284 --- [library] [nio-5050-exec-2] o.s.s.a.dao.DaoAuthenticationProvider    : Authenticated user
Hibernate: select u1_0.id,u1_0.email,u1_0.name,u1_0.password,u1_0.role from users u1_0 where u1_0.email=?
2026-08-21T20:50:00.748+03:00 TRACE 7284 --- [library] [nio-5050-exec-2] o.s.s.w.header.writers.HstsHeaderWriter  : Not injecting HSTS header since it did not match request to [Is Secure]
2026-08-21T20:50:11.524+03:00 TRACE 7284 --- [library] [nio-5050-exec-3] o.s.security.web.FilterChainProxy        : Trying to match request against DefaultSecurityFilterChain defined as 'securityFilterChain' in [class path resource [org/library/security/SecurityConfig.class]] matching [any request] and having filters [DisableEncodeUrl, WebAsyncManagerIntegration, SecurityContextHolder, HeaderWriter, Logout, JwtAuth, RequestCacheAware, SecurityContextHolderAwareRequest, AnonymousAuthentication, SessionManagement, ExceptionTranslation, Authorization] (1/1)
2026-08-21T20:50:11.527+03:00 DEBUG 7284 --- [library] [nio-5050-exec-3] o.s.security.web.FilterChainProxy        : Securing GET /api/books
2026-08-21T20:50:11.526+03:00 TRACE 7284 --- [library] [nio-5050-exec-4] o.s.security.web.FilterChainProxy        : Trying to match request against DefaultSecurityFilterChain defined as 'securityFilterChain' in [class path resource [org/library/security/SecurityConfig.class]] matching [any request] and having filters [DisableEncodeUrl, WebAsyncManagerIntegration, SecurityContextHolder, HeaderWriter, Logout, JwtAuth, RequestCacheAware, SecurityContextHolderAwareRequest, AnonymousAuthentication, SessionManagement, ExceptionTranslation, Authorization] (1/1)
2026-08-21T20:50:11.528+03:00 TRACE 7284 --- [library] [nio-5050-exec-5] o.s.security.web.FilterChainProxy        : Trying to match request against DefaultSecurityFilterChain defined as 'securityFilterChain' in [class path resource [org/library/security/SecurityConfig.class]] matching [any request] and having filters [DisableEncodeUrl, WebAsyncManagerIntegration, SecurityContextHolder, HeaderWriter, Logout, JwtAuth, RequestCacheAware, SecurityContextHolderAwareRequest, AnonymousAuthentication, SessionManagement, ExceptionTranslation, Authorization] (1/1)
2026-08-21T20:50:11.528+03:00 TRACE 7284 --- [library] [nio-5050-exec-3] o.s.security.web.FilterChainProxy        : Invoking DisableEncodeUrlFilter (1/12)
2026-08-21T20:50:11.529+03:00 DEBUG 7284 --- [library] [nio-5050-exec-4] o.s.security.web.FilterChainProxy        : Securing GET /api/categories
2026-08-21T20:50:11.529+03:00 DEBUG 7284 --- [library] [nio-5050-exec-5] o.s.security.web.FilterChainProxy        : Securing GET /api/authors
2026-08-21T20:50:11.530+03:00 TRACE 7284 --- [library] [nio-5050-exec-4] o.s.security.web.FilterChainProxy        : Invoking DisableEncodeUrlFilter (1/12)
2026-08-21T20:50:11.529+03:00 TRACE 7284 --- [library] [nio-5050-exec-3] o.s.security.web.FilterChainProxy        : Invoking WebAsyncManagerIntegrationFilter (2/12)
2026-08-21T20:50:11.530+03:00 TRACE 7284 --- [library] [nio-5050-exec-5] o.s.security.web.FilterChainProxy        : Invoking DisableEncodeUrlFilter (1/12)
2026-08-21T20:50:11.530+03:00 TRACE 7284 --- [library] [nio-5050-exec-4] o.s.security.web.FilterChainProxy        : Invoking WebAsyncManagerIntegrationFilter (2/12)
2026-08-21T20:50:11.531+03:00 TRACE 7284 --- [library] [nio-5050-exec-3] o.s.security.web.FilterChainProxy        : Invoking SecurityContextHolderFilter (3/12)
2026-08-21T20:50:11.532+03:00 TRACE 7284 --- [library] [nio-5050-exec-4] o.s.security.web.FilterChainProxy        : Invoking SecurityContextHolderFilter (3/12)
2026-08-21T20:50:11.531+03:00 TRACE 7284 --- [library] [nio-5050-exec-5] o.s.security.web.FilterChainProxy        : Invoking WebAsyncManagerIntegrationFilter (2/12)
2026-08-21T20:50:11.532+03:00 TRACE 7284 --- [library] [nio-5050-exec-3] o.s.security.web.FilterChainProxy        : Invoking HeaderWriterFilter (4/12)
2026-08-21T20:50:11.533+03:00 TRACE 7284 --- [library] [nio-5050-exec-5] o.s.security.web.FilterChainProxy        : Invoking SecurityContextHolderFilter (3/12)
2026-08-21T20:50:11.532+03:00 TRACE 7284 --- [library] [nio-5050-exec-4] o.s.security.web.FilterChainProxy        : Invoking HeaderWriterFilter (4/12)
2026-08-21T20:50:11.533+03:00 TRACE 7284 --- [library] [nio-5050-exec-3] o.s.security.web.FilterChainProxy        : Invoking LogoutFilter (5/12)
2026-08-21T20:50:11.534+03:00 TRACE 7284 --- [library] [nio-5050-exec-4] o.s.security.web.FilterChainProxy        : Invoking LogoutFilter (5/12)
2026-08-21T20:50:11.533+03:00 TRACE 7284 --- [library] [nio-5050-exec-5] o.s.security.web.FilterChainProxy        : Invoking HeaderWriterFilter (4/12)
2026-08-21T20:50:11.534+03:00 TRACE 7284 --- [library] [nio-5050-exec-5] o.s.security.web.FilterChainProxy        : Invoking LogoutFilter (5/12)
2026-08-21T20:50:11.534+03:00 TRACE 7284 --- [library] [nio-5050-exec-3] o.s.s.w.a.logout.LogoutFilter            : Did not match request to Or [PathPattern [GET /logout], PathPattern [POST /logout], PathPattern [PUT /logout], PathPattern [DELETE /logout]]
2026-08-21T20:50:11.535+03:00 TRACE 7284 --- [library] [nio-5050-exec-5] o.s.s.w.a.logout.LogoutFilter            : Did not match request to Or [PathPattern [GET /logout], PathPattern [POST /logout], PathPattern [PUT /logout], PathPattern [DELETE /logout]]
2026-08-21T20:50:11.534+03:00 TRACE 7284 --- [library] [nio-5050-exec-4] o.s.s.w.a.logout.LogoutFilter            : Did not match request to Or [PathPattern [GET /logout], PathPattern [POST /logout], PathPattern [PUT /logout], PathPattern [DELETE /logout]]
2026-08-21T20:50:11.536+03:00 TRACE 7284 --- [library] [nio-5050-exec-5] o.s.security.web.FilterChainProxy        : Invoking JwtAuthFilter (6/12)
2026-08-21T20:50:11.535+03:00 TRACE 7284 --- [library] [nio-5050-exec-3] o.s.security.web.FilterChainProxy        : Invoking JwtAuthFilter (6/12)
2026-08-21T20:50:11.536+03:00 TRACE 7284 --- [library] [nio-5050-exec-4] o.s.security.web.FilterChainProxy        : Invoking JwtAuthFilter (6/12)
2026-08-21T20:50:11.736+03:00 TRACE 7284 --- [library] [nio-5050-exec-5] .s.s.w.c.SupplierDeferredSecurityContext : Created SecurityContextImpl [Null authentication]
2026-08-21T20:50:11.736+03:00 TRACE 7284 --- [library] [nio-5050-exec-3] .s.s.w.c.SupplierDeferredSecurityContext : Created SecurityContextImpl [Null authentication]
2026-08-21T20:50:11.736+03:00 TRACE 7284 --- [library] [nio-5050-exec-4] .s.s.w.c.SupplierDeferredSecurityContext : Created SecurityContextImpl [Null authentication]
Hibernate: select u1_0.id,u1_0.email,u1_0.name,u1_0.password,u1_0.role from users u1_0 where u1_0.email=?
2026-08-21T20:50:11.747+03:00 TRACE 7284 --- [library] [nio-5050-exec-5] o.s.security.web.FilterChainProxy        : Invoking RequestCacheAwareFilter (7/12)
2026-08-21T20:50:11.748+03:00 TRACE 7284 --- [library] [nio-5050-exec-5] o.s.security.web.FilterChainProxy        : Invoking SecurityContextHolderAwareRequestFilter (8/12)
2026-08-21T20:50:11.749+03:00 TRACE 7284 --- [library] [nio-5050-exec-5] o.s.security.web.FilterChainProxy        : Invoking AnonymousAuthenticationFilter (9/12)
2026-08-21T20:50:11.749+03:00 TRACE 7284 --- [library] [nio-5050-exec-5] o.s.security.web.FilterChainProxy        : Invoking SessionManagementFilter (10/12)
2026-08-21T20:50:11.751+03:00 TRACE 7284 --- [library] [nio-5050-exec-5] o.s.s.w.a.AnonymousAuthenticationFilter  : Did not set SecurityContextHolder since already authenticated UsernamePasswordAuthenticationToken [Principal=User(id=13, name=Test User, email=test@example.com, password=$2a$10$/E99rsKfKX2o118lTpIPP.y/mU88iht6TNzF3rg8wHTNy9gwE6MiO, role=ADMIN), Credentials=[PROTECTED], Authenticated=true, Details=WebAuthenticationDetails [RemoteIpAddress=0:0:0:0:0:0:0:1, SessionId=null], Granted Authorities=[Role_ADMIN]]
2026-08-21T20:50:11.752+03:00 TRACE 7284 --- [library] [nio-5050-exec-5] s.CompositeSessionAuthenticationStrategy : Preparing session with ChangeSessionIdAuthenticationStrategy (1/1)
2026-08-21T20:50:11.752+03:00 TRACE 7284 --- [library] [nio-5050-exec-5] o.s.security.web.FilterChainProxy        : Invoking ExceptionTranslationFilter (11/12)
2026-08-21T20:50:11.753+03:00 TRACE 7284 --- [library] [nio-5050-exec-5] o.s.security.web.FilterChainProxy        : Invoking AuthorizationFilter (12/12)
2026-08-21T20:50:11.753+03:00 TRACE 7284 --- [library] [nio-5050-exec-5] estMatcherDelegatingAuthorizationManager : Authorizing GET /api/authors
2026-08-21T20:50:11.754+03:00 TRACE 7284 --- [library] [nio-5050-exec-5] estMatcherDelegatingAuthorizationManager : Checking authorization on GET /api/authors using org.springframework.security.authorization.AuthenticatedAuthorizationManager@7b7ecddb
2026-08-21T20:50:11.754+03:00 DEBUG 7284 --- [library] [nio-5050-exec-5] o.s.security.web.FilterChainProxy        : Secured GET /api/authors
Hibernate: select u1_0.id,u1_0.email,u1_0.name,u1_0.password,u1_0.role from users u1_0 where u1_0.email=?
Hibernate: select u1_0.id,u1_0.email,u1_0.name,u1_0.password,u1_0.role from users u1_0 where u1_0.email=?
2026-08-21T20:50:11.762+03:00 TRACE 7284 --- [library] [nio-5050-exec-3] o.s.security.web.FilterChainProxy        : Invoking RequestCacheAwareFilter (7/12)
2026-08-21T20:50:11.762+03:00 TRACE 7284 --- [library] [nio-5050-exec-3] o.s.security.web.FilterChainProxy        : Invoking SecurityContextHolderAwareRequestFilter (8/12)
2026-08-21T20:50:11.763+03:00 TRACE 7284 --- [library] [nio-5050-exec-3] o.s.security.web.FilterChainProxy        : Invoking AnonymousAuthenticationFilter (9/12)
2026-08-21T20:50:11.763+03:00 TRACE 7284 --- [library] [nio-5050-exec-3] o.s.security.web.FilterChainProxy        : Invoking SessionManagementFilter (10/12)
2026-08-21T20:50:11.764+03:00 TRACE 7284 --- [library] [nio-5050-exec-3] o.s.s.w.a.AnonymousAuthenticationFilter  : Did not set SecurityContextHolder since already authenticated UsernamePasswordAuthenticationToken [Principal=User(id=13, name=Test User, email=test@example.com, password=$2a$10$/E99rsKfKX2o118lTpIPP.y/mU88iht6TNzF3rg8wHTNy9gwE6MiO, role=ADMIN), Credentials=[PROTECTED], Authenticated=true, Details=WebAuthenticationDetails [RemoteIpAddress=0:0:0:0:0:0:0:1, SessionId=null], Granted Authorities=[Role_ADMIN]]
2026-08-21T20:50:11.765+03:00 TRACE 7284 --- [library] [nio-5050-exec-3] s.CompositeSessionAuthenticationStrategy : Preparing session with ChangeSessionIdAuthenticationStrategy (1/1)
2026-08-21T20:50:11.765+03:00 TRACE 7284 --- [library] [nio-5050-exec-3] o.s.security.web.FilterChainProxy        : Invoking ExceptionTranslationFilter (11/12)
2026-08-21T20:50:11.766+03:00 TRACE 7284 --- [library] [nio-5050-exec-3] o.s.security.web.FilterChainProxy        : Invoking AuthorizationFilter (12/12)
2026-08-21T20:50:11.766+03:00 TRACE 7284 --- [library] [nio-5050-exec-3] estMatcherDelegatingAuthorizationManager : Authorizing GET /api/books
2026-08-21T20:50:11.767+03:00 TRACE 7284 --- [library] [nio-5050-exec-3] estMatcherDelegatingAuthorizationManager : Checking authorization on GET /api/books using org.springframework.security.authorization.AuthenticatedAuthorizationManager@7b7ecddb
2026-08-21T20:50:11.767+03:00 DEBUG 7284 --- [library] [nio-5050-exec-3] o.s.security.web.FilterChainProxy        : Secured GET /api/books
2026-08-21T20:50:11.772+03:00 TRACE 7284 --- [library] [nio-5050-exec-4] o.s.security.web.FilterChainProxy        : Invoking RequestCacheAwareFilter (7/12)
2026-08-21T20:50:11.773+03:00 TRACE 7284 --- [library] [nio-5050-exec-4] o.s.security.web.FilterChainProxy        : Invoking SecurityContextHolderAwareRequestFilter (8/12)
2026-08-21T20:50:11.774+03:00 TRACE 7284 --- [library] [nio-5050-exec-4] o.s.security.web.FilterChainProxy        : Invoking AnonymousAuthenticationFilter (9/12)
2026-08-21T20:50:11.774+03:00 TRACE 7284 --- [library] [nio-5050-exec-4] o.s.security.web.FilterChainProxy        : Invoking SessionManagementFilter (10/12)
2026-08-21T20:50:11.775+03:00 TRACE 7284 --- [library] [nio-5050-exec-4] o.s.s.w.a.AnonymousAuthenticationFilter  : Did not set SecurityContextHolder since already authenticated UsernamePasswordAuthenticationToken [Principal=User(id=13, name=Test User, email=test@example.com, password=$2a$10$/E99rsKfKX2o118lTpIPP.y/mU88iht6TNzF3rg8wHTNy9gwE6MiO, role=ADMIN), Credentials=[PROTECTED], Authenticated=true, Details=WebAuthenticationDetails [RemoteIpAddress=0:0:0:0:0:0:0:1, SessionId=null], Granted Authorities=[Role_ADMIN]]
2026-08-21T20:50:11.776+03:00 TRACE 7284 --- [library] [nio-5050-exec-4] s.CompositeSessionAuthenticationStrategy : Preparing session with ChangeSessionIdAuthenticationStrategy (1/1)
2026-08-21T20:50:11.776+03:00 TRACE 7284 --- [library] [nio-5050-exec-4] o.s.security.web.FilterChainProxy        : Invoking ExceptionTranslationFilter (11/12)
2026-08-21T20:50:11.776+03:00 TRACE 7284 --- [library] [nio-5050-exec-4] o.s.security.web.FilterChainProxy        : Invoking AuthorizationFilter (12/12)
2026-08-21T20:50:11.777+03:00 TRACE 7284 --- [library] [nio-5050-exec-4] estMatcherDelegatingAuthorizationManager : Authorizing GET /api/categories
2026-08-21T20:50:11.777+03:00 TRACE 7284 --- [library] [nio-5050-exec-4] estMatcherDelegatingAuthorizationManager : Checking authorization on GET /api/categories using org.springframework.security.authorization.AuthenticatedAuthorizationManager@7b7ecddb
2026-08-21T20:50:11.778+03:00 DEBUG 7284 --- [library] [nio-5050-exec-4] o.s.security.web.FilterChainProxy        : Secured GET /api/categories
Hibernate: select c1_0.id,c1_0.name from categories c1_0
Hibernate: select a1_0.id,a1_0.name from authors a1_0
Hibernate: select b1_0.id,b1_0.available_copies,b1_0.category_id,b1_0.description,b1_0.title from books b1_0
2026-08-21T20:50:11.870+03:00 TRACE 7284 --- [library] [nio-5050-exec-4] o.s.s.w.header.writers.HstsHeaderWriter  : Not injecting HSTS header since it did not match request to [Is Secure]
2026-08-21T20:50:11.870+03:00 TRACE 7284 --- [library] [nio-5050-exec-5] o.s.s.w.header.writers.HstsHeaderWriter  : Not injecting HSTS header since it did not match request to [Is Secure]
Hibernate: select c1_0.id,c1_0.name from categories c1_0 where c1_0.id=?
Hibernate: select a1_0.book_id,a1_1.id,a1_1.name from book_authors a1_0 join authors a1_1 on a1_1.id=a1_0.author_id where a1_0.book_id=?
2026-08-21T20:50:11.929+03:00 TRACE 7284 --- [library] [nio-5050-exec-3] o.s.s.w.header.writers.HstsHeaderWriter  : Not injecting HSTS header since it did not match request to [Is Secure]
2026-08-21T20:50:11.941+03:00 TRACE 7284 --- [library] [nio-5050-exec-6] o.s.security.web.FilterChainProxy        : Trying to match request against DefaultSecurityFilterChain defined as 'securityFilterChain' in [class path resource [org/library/security/SecurityConfig.class]] matching [any request] and having filters [DisableEncodeUrl, WebAsyncManagerIntegration, SecurityContextHolder, HeaderWriter, Logout, JwtAuth, RequestCacheAware, SecurityContextHolderAwareRequest, AnonymousAuthentication, SessionManagement, ExceptionTranslation, Authorization] (1/1)
2026-08-21T20:50:11.942+03:00 DEBUG 7284 --- [library] [nio-5050-exec-6] o.s.security.web.FilterChainProxy        : Securing GET /api/books
2026-08-21T20:50:11.942+03:00 TRACE 7284 --- [library] [nio-5050-exec-6] o.s.security.web.FilterChainProxy        : Invoking DisableEncodeUrlFilter (1/12)
2026-08-21T20:50:11.943+03:00 TRACE 7284 --- [library] [nio-5050-exec-6] o.s.security.web.FilterChainProxy        : Invoking WebAsyncManagerIntegrationFilter (2/12)
2026-08-21T20:50:11.944+03:00 TRACE 7284 --- [library] [nio-5050-exec-6] o.s.security.web.FilterChainProxy        : Invoking SecurityContextHolderFilter (3/12)
2026-08-21T20:50:11.944+03:00 TRACE 7284 --- [library] [nio-5050-exec-6] o.s.security.web.FilterChainProxy        : Invoking HeaderWriterFilter (4/12)
2026-08-21T20:50:11.945+03:00 TRACE 7284 --- [library] [nio-5050-exec-6] o.s.security.web.FilterChainProxy        : Invoking LogoutFilter (5/12)
2026-08-21T20:50:11.945+03:00 TRACE 7284 --- [library] [nio-5050-exec-6] o.s.s.w.a.logout.LogoutFilter            : Did not match request to Or [PathPattern [GET /logout], PathPattern [POST /logout], PathPattern [PUT /logout], PathPattern [DELETE /logout]]
2026-08-21T20:50:11.946+03:00 TRACE 7284 --- [library] [nio-5050-exec-6] o.s.security.web.FilterChainProxy        : Invoking JwtAuthFilter (6/12)
2026-08-21T20:50:11.948+03:00 TRACE 7284 --- [library] [nio-5050-exec-6] .s.s.w.c.SupplierDeferredSecurityContext : Created SecurityContextImpl [Null authentication]
Hibernate: select u1_0.id,u1_0.email,u1_0.name,u1_0.password,u1_0.role from users u1_0 where u1_0.email=?
2026-08-21T20:50:11.956+03:00 TRACE 7284 --- [library] [nio-5050-exec-6] o.s.security.web.FilterChainProxy        : Invoking RequestCacheAwareFilter (7/12)
2026-08-21T20:50:11.957+03:00 TRACE 7284 --- [library] [nio-5050-exec-6] o.s.security.web.FilterChainProxy        : Invoking SecurityContextHolderAwareRequestFilter (8/12)
2026-08-21T20:50:11.957+03:00 TRACE 7284 --- [library] [nio-5050-exec-6] o.s.security.web.FilterChainProxy        : Invoking AnonymousAuthenticationFilter (9/12)
2026-08-21T20:50:11.958+03:00 TRACE 7284 --- [library] [nio-5050-exec-6] o.s.security.web.FilterChainProxy        : Invoking SessionManagementFilter (10/12)
2026-08-21T20:50:11.958+03:00 TRACE 7284 --- [library] [nio-5050-exec-6] o.s.s.w.a.AnonymousAuthenticationFilter  : Did not set SecurityContextHolder since already authenticated UsernamePasswordAuthenticationToken [Principal=User(id=13, name=Test User, email=test@example.com, password=$2a$10$/E99rsKfKX2o118lTpIPP.y/mU88iht6TNzF3rg8wHTNy9gwE6MiO, role=ADMIN), Credentials=[PROTECTED], Authenticated=true, Details=WebAuthenticationDetails [RemoteIpAddress=0:0:0:0:0:0:0:1, SessionId=null], Granted Authorities=[Role_ADMIN]]
2026-08-21T20:50:11.959+03:00 TRACE 7284 --- [library] [nio-5050-exec-6] s.CompositeSessionAuthenticationStrategy : Preparing session with ChangeSessionIdAuthenticationStrategy (1/1)
2026-08-21T20:50:11.959+03:00 TRACE 7284 --- [library] [nio-5050-exec-6] o.s.security.web.FilterChainProxy        : Invoking ExceptionTranslationFilter (11/12)
2026-08-21T20:50:11.960+03:00 TRACE 7284 --- [library] [nio-5050-exec-6] o.s.security.web.FilterChainProxy        : Invoking AuthorizationFilter (12/12)
2026-08-21T20:50:11.960+03:00 TRACE 7284 --- [library] [nio-5050-exec-6] estMatcherDelegatingAuthorizationManager : Authorizing GET /api/books
2026-08-21T20:50:11.961+03:00 TRACE 7284 --- [library] [nio-5050-exec-6] estMatcherDelegatingAuthorizationManager : Checking authorization on GET /api/books using org.springframework.security.authorization.AuthenticatedAuthorizationManager@7b7ecddb
2026-08-21T20:50:11.961+03:00 DEBUG 7284 --- [library] [nio-5050-exec-6] o.s.security.web.FilterChainProxy        : Secured GET /api/books
Hibernate: select b1_0.id,b1_0.available_copies,b1_0.category_id,b1_0.description,b1_0.title from books b1_0
Hibernate: select c1_0.id,c1_0.name from categories c1_0 where c1_0.id=?
Hibernate: select a1_0.book_id,a1_1.id,a1_1.name from book_authors a1_0 join authors a1_1 on a1_1.id=a1_0.author_id where a1_0.book_id=?
2026-08-21T20:50:11.984+03:00 TRACE 7284 --- [library] [nio-5050-exec-6] o.s.s.w.header.writers.HstsHeaderWriter  : Not injecting HSTS header since it did not match request to [Is Secure]
2026-08-21T20:50:49.062+03:00 TRACE 7284 --- [library] [nio-5050-exec-7] o.s.security.web.FilterChainProxy        : Trying to match request against DefaultSecurityFilterChain defined as 'securityFilterChain' in [class path resource [org/library/security/SecurityConfig.class]] matching [any request] and having filters [DisableEncodeUrl, WebAsyncManagerIntegration, SecurityContextHolder, HeaderWriter, Logout, JwtAuth, RequestCacheAware, SecurityContextHolderAwareRequest, AnonymousAuthentication, SessionManagement, ExceptionTranslation, Authorization] (1/1)
2026-08-21T20:50:49.062+03:00 DEBUG 7284 --- [library] [nio-5050-exec-7] o.s.security.web.FilterChainProxy        : Securing GET /api/categories
2026-08-21T20:50:49.062+03:00 TRACE 7284 --- [library] [nio-5050-exec-7] o.s.security.web.FilterChainProxy        : Invoking DisableEncodeUrlFilter (1/12)
2026-08-21T20:50:49.063+03:00 TRACE 7284 --- [library] [nio-5050-exec-7] o.s.security.web.FilterChainProxy        : Invoking WebAsyncManagerIntegrationFilter (2/12)
2026-08-21T20:50:49.063+03:00 TRACE 7284 --- [library] [nio-5050-exec-7] o.s.security.web.FilterChainProxy        : Invoking SecurityContextHolderFilter (3/12)
2026-08-21T20:50:49.064+03:00 TRACE 7284 --- [library] [nio-5050-exec-7] o.s.security.web.FilterChainProxy        : Invoking HeaderWriterFilter (4/12)
2026-08-21T20:50:49.064+03:00 TRACE 7284 --- [library] [nio-5050-exec-7] o.s.security.web.FilterChainProxy        : Invoking LogoutFilter (5/12)
2026-08-21T20:50:49.064+03:00 TRACE 7284 --- [library] [nio-5050-exec-7] o.s.s.w.a.logout.LogoutFilter            : Did not match request to Or [PathPattern [GET /logout], PathPattern [POST /logout], PathPattern [PUT /logout], PathPattern [DELETE /logout]]
2026-08-21T20:50:49.065+03:00 TRACE 7284 --- [library] [nio-5050-exec-7] o.s.security.web.FilterChainProxy        : Invoking JwtAuthFilter (6/12)
2026-08-21T20:50:49.067+03:00 TRACE 7284 --- [library] [nio-5050-exec-7] .s.s.w.c.SupplierDeferredSecurityContext : Created SecurityContextImpl [Null authentication]
Hibernate: select u1_0.id,u1_0.email,u1_0.name,u1_0.password,u1_0.role from users u1_0 where u1_0.email=?
2026-08-21T20:50:49.091+03:00 TRACE 7284 --- [library] [nio-5050-exec-7] o.s.security.web.FilterChainProxy        : Invoking RequestCacheAwareFilter (7/12)
2026-08-21T20:50:49.092+03:00 TRACE 7284 --- [library] [nio-5050-exec-7] o.s.security.web.FilterChainProxy        : Invoking SecurityContextHolderAwareRequestFilter (8/12)
2026-08-21T20:50:49.092+03:00 TRACE 7284 --- [library] [nio-5050-exec-7] o.s.security.web.FilterChainProxy        : Invoking AnonymousAuthenticationFilter (9/12)
2026-08-21T20:50:49.093+03:00 TRACE 7284 --- [library] [nio-5050-exec-7] o.s.security.web.FilterChainProxy        : Invoking SessionManagementFilter (10/12)
2026-08-21T20:50:49.094+03:00 TRACE 7284 --- [library] [nio-5050-exec-7] o.s.s.w.a.AnonymousAuthenticationFilter  : Did not set SecurityContextHolder since already authenticated UsernamePasswordAuthenticationToken [Principal=User(id=13, name=Test User, email=test@example.com, password=$2a$10$/E99rsKfKX2o118lTpIPP.y/mU88iht6TNzF3rg8wHTNy9gwE6MiO, role=ADMIN), Credentials=[PROTECTED], Authenticated=true, Details=WebAuthenticationDetails [RemoteIpAddress=0:0:0:0:0:0:0:1, SessionId=null], Granted Authorities=[Role_ADMIN]]
2026-08-21T20:50:49.094+03:00 TRACE 7284 --- [library] [nio-5050-exec-7] s.CompositeSessionAuthenticationStrategy : Preparing session with ChangeSessionIdAuthenticationStrategy (1/1)
2026-08-21T20:50:49.095+03:00 TRACE 7284 --- [library] [nio-5050-exec-7] o.s.security.web.FilterChainProxy        : Invoking ExceptionTranslationFilter (11/12)
2026-08-21T20:50:49.095+03:00 TRACE 7284 --- [library] [nio-5050-exec-7] o.s.security.web.FilterChainProxy        : Invoking AuthorizationFilter (12/12)
2026-08-21T20:50:49.096+03:00 TRACE 7284 --- [library] [nio-5050-exec-7] estMatcherDelegatingAuthorizationManager : Authorizing GET /api/categories
2026-08-21T20:50:49.096+03:00 TRACE 7284 --- [library] [nio-5050-exec-7] estMatcherDelegatingAuthorizationManager : Checking authorization on GET /api/categories using org.springframework.security.authorization.AuthenticatedAuthorizationManager@7b7ecddb
2026-08-21T20:50:49.097+03:00 DEBUG 7284 --- [library] [nio-5050-exec-7] o.s.security.web.FilterChainProxy        : Secured GET /api/categories
Hibernate: select c1_0.id,c1_0.name from categories c1_0
2026-08-21T20:50:49.112+03:00 TRACE 7284 --- [library] [nio-5050-exec-7] o.s.s.w.header.writers.HstsHeaderWriter  : Not injecting HSTS header since it did not match request to [Is Secure]
2026-08-21T20:50:50.878+03:00 TRACE 7284 --- [library] [nio-5050-exec-8] o.s.security.web.FilterChainProxy        : Trying to match request against DefaultSecurityFilterChain defined as 'securityFilterChain' in [class path resource [org/library/security/SecurityConfig.class]] matching [any request] and having filters [DisableEncodeUrl, WebAsyncManagerIntegration, SecurityContextHolder, HeaderWriter, Logout, JwtAuth, RequestCacheAware, SecurityContextHolderAwareRequest, AnonymousAuthentication, SessionManagement, ExceptionTranslation, Authorization] (1/1)
2026-08-21T20:50:50.878+03:00 DEBUG 7284 --- [library] [nio-5050-exec-8] o.s.security.web.FilterChainProxy        : Securing GET /api/authors
2026-08-21T20:50:50.879+03:00 TRACE 7284 --- [library] [nio-5050-exec-8] o.s.security.web.FilterChainProxy        : Invoking DisableEncodeUrlFilter (1/12)
2026-08-21T20:50:50.879+03:00 TRACE 7284 --- [library] [nio-5050-exec-8] o.s.security.web.FilterChainProxy        : Invoking WebAsyncManagerIntegrationFilter (2/12)
2026-08-21T20:50:50.880+03:00 TRACE 7284 --- [library] [nio-5050-exec-8] o.s.security.web.FilterChainProxy        : Invoking SecurityContextHolderFilter (3/12)
2026-08-21T20:50:50.880+03:00 TRACE 7284 --- [library] [nio-5050-exec-8] o.s.security.web.FilterChainProxy        : Invoking HeaderWriterFilter (4/12)
2026-08-21T20:50:50.881+03:00 TRACE 7284 --- [library] [nio-5050-exec-8] o.s.security.web.FilterChainProxy        : Invoking LogoutFilter (5/12)
2026-08-21T20:50:50.881+03:00 TRACE 7284 --- [library] [nio-5050-exec-8] o.s.s.w.a.logout.LogoutFilter            : Did not match request to Or [PathPattern [GET /logout], PathPattern [POST /logout], PathPattern [PUT /logout], PathPattern [DELETE /logout]]
2026-08-21T20:50:50.881+03:00 TRACE 7284 --- [library] [nio-5050-exec-8] o.s.security.web.FilterChainProxy        : Invoking JwtAuthFilter (6/12)
2026-08-21T20:50:50.883+03:00 TRACE 7284 --- [library] [nio-5050-exec-8] .s.s.w.c.SupplierDeferredSecurityContext : Created SecurityContextImpl [Null authentication]
Hibernate: select u1_0.id,u1_0.email,u1_0.name,u1_0.password,u1_0.role from users u1_0 where u1_0.email=?
2026-08-21T20:50:50.896+03:00 TRACE 7284 --- [library] [nio-5050-exec-8] o.s.security.web.FilterChainProxy        : Invoking RequestCacheAwareFilter (7/12)
2026-08-21T20:50:50.897+03:00 TRACE 7284 --- [library] [nio-5050-exec-8] o.s.security.web.FilterChainProxy        : Invoking SecurityContextHolderAwareRequestFilter (8/12)
2026-08-21T20:50:50.897+03:00 TRACE 7284 --- [library] [nio-5050-exec-8] o.s.security.web.FilterChainProxy        : Invoking AnonymousAuthenticationFilter (9/12)
2026-08-21T20:50:50.898+03:00 TRACE 7284 --- [library] [nio-5050-exec-8] o.s.security.web.FilterChainProxy        : Invoking SessionManagementFilter (10/12)
2026-08-21T20:50:50.898+03:00 TRACE 7284 --- [library] [nio-5050-exec-8] o.s.s.w.a.AnonymousAuthenticationFilter  : Did not set SecurityContextHolder since already authenticated UsernamePasswordAuthenticationToken [Principal=User(id=13, name=Test User, email=test@example.com, password=$2a$10$/E99rsKfKX2o118lTpIPP.y/mU88iht6TNzF3rg8wHTNy9gwE6MiO, role=ADMIN), Credentials=[PROTECTED], Authenticated=true, Details=WebAuthenticationDetails [RemoteIpAddress=0:0:0:0:0:0:0:1, SessionId=null], Granted Authorities=[Role_ADMIN]]
2026-08-21T20:50:50.899+03:00 TRACE 7284 --- [library] [nio-5050-exec-8] s.CompositeSessionAuthenticationStrategy : Preparing session with ChangeSessionIdAuthenticationStrategy (1/1)
2026-08-21T20:50:50.899+03:00 TRACE 7284 --- [library] [nio-5050-exec-8] o.s.security.web.FilterChainProxy        : Invoking ExceptionTranslationFilter (11/12)
2026-08-21T20:50:50.900+03:00 TRACE 7284 --- [library] [nio-5050-exec-8] o.s.security.web.FilterChainProxy        : Invoking AuthorizationFilter (12/12)
2026-08-21T20:50:50.900+03:00 TRACE 7284 --- [library] [nio-5050-exec-8] estMatcherDelegatingAuthorizationManager : Authorizing GET /api/authors
2026-08-21T20:50:50.900+03:00 TRACE 7284 --- [library] [nio-5050-exec-8] estMatcherDelegatingAuthorizationManager : Checking authorization on GET /api/authors using org.springframework.security.authorization.AuthenticatedAuthorizationManager@7b7ecddb
2026-08-21T20:50:50.901+03:00 DEBUG 7284 --- [library] [nio-5050-exec-8] o.s.security.web.FilterChainProxy        : Secured GET /api/authors
Hibernate: select a1_0.id,a1_0.name from authors a1_0
2026-08-21T20:50:50.921+03:00 TRACE 7284 --- [library] [nio-5050-exec-8] o.s.s.w.header.writers.HstsHeaderWriter  : Not injecting HSTS header since it did not match request to [Is Secure]
2026-08-21T20:50:53.019+03:00 TRACE 7284 --- [library] [nio-5050-exec-9] o.s.security.web.FilterChainProxy        : Trying to match request against DefaultSecurityFilterChain defined as 'securityFilterChain' in [class path resource [org/library/security/SecurityConfig.class]] matching [any request] and having filters [DisableEncodeUrl, WebAsyncManagerIntegration, SecurityContextHolder, HeaderWriter, Logout, JwtAuth, RequestCacheAware, SecurityContextHolderAwareRequest, AnonymousAuthentication, SessionManagement, ExceptionTranslation, Authorization] (1/1)
2026-08-21T20:50:53.019+03:00 TRACE 7284 --- [library] [io-5050-exec-10] o.s.security.web.FilterChainProxy        : Trying to match request against DefaultSecurityFilterChain defined as 'securityFilterChain' in [class path resource [org/library/security/SecurityConfig.class]] matching [any request] and having filters [DisableEncodeUrl, WebAsyncManagerIntegration, SecurityContextHolder, HeaderWriter, Logout, JwtAuth, RequestCacheAware, SecurityContextHolderAwareRequest, AnonymousAuthentication, SessionManagement, ExceptionTranslation, Authorization] (1/1)
2026-08-21T20:50:53.019+03:00 DEBUG 7284 --- [library] [nio-5050-exec-9] o.s.security.web.FilterChainProxy        : Securing GET /api/borrow
2026-08-21T20:50:53.019+03:00 DEBUG 7284 --- [library] [io-5050-exec-10] o.s.security.web.FilterChainProxy        : Securing GET /api/books
2026-08-21T20:50:53.020+03:00 TRACE 7284 --- [library] [nio-5050-exec-9] o.s.security.web.FilterChainProxy        : Invoking DisableEncodeUrlFilter (1/12)
2026-08-21T20:50:53.020+03:00 TRACE 7284 --- [library] [io-5050-exec-10] o.s.security.web.FilterChainProxy        : Invoking DisableEncodeUrlFilter (1/12)
2026-08-21T20:50:53.020+03:00 TRACE 7284 --- [library] [nio-5050-exec-9] o.s.security.web.FilterChainProxy        : Invoking WebAsyncManagerIntegrationFilter (2/12)
2026-08-21T20:50:53.020+03:00 TRACE 7284 --- [library] [io-5050-exec-10] o.s.security.web.FilterChainProxy        : Invoking WebAsyncManagerIntegrationFilter (2/12)
2026-08-21T20:50:53.021+03:00 TRACE 7284 --- [library] [nio-5050-exec-9] o.s.security.web.FilterChainProxy        : Invoking SecurityContextHolderFilter (3/12)
2026-08-21T20:50:53.021+03:00 TRACE 7284 --- [library] [io-5050-exec-10] o.s.security.web.FilterChainProxy        : Invoking SecurityContextHolderFilter (3/12)
2026-08-21T20:50:53.021+03:00 TRACE 7284 --- [library] [nio-5050-exec-9] o.s.security.web.FilterChainProxy        : Invoking HeaderWriterFilter (4/12)
2026-08-21T20:50:53.021+03:00 TRACE 7284 --- [library] [io-5050-exec-10] o.s.security.web.FilterChainProxy        : Invoking HeaderWriterFilter (4/12)
2026-08-21T20:50:53.021+03:00 TRACE 7284 --- [library] [nio-5050-exec-9] o.s.security.web.FilterChainProxy        : Invoking LogoutFilter (5/12)
2026-08-21T20:50:53.021+03:00 TRACE 7284 --- [library] [io-5050-exec-10] o.s.security.web.FilterChainProxy        : Invoking LogoutFilter (5/12)
2026-08-21T20:50:53.022+03:00 TRACE 7284 --- [library] [nio-5050-exec-9] o.s.s.w.a.logout.LogoutFilter            : Did not match request to Or [PathPattern [GET /logout], PathPattern [POST /logout], PathPattern [PUT /logout], PathPattern [DELETE /logout]]
2026-08-21T20:50:53.022+03:00 TRACE 7284 --- [library] [io-5050-exec-10] o.s.s.w.a.logout.LogoutFilter            : Did not match request to Or [PathPattern [GET /logout], PathPattern [POST /logout], PathPattern [PUT /logout], PathPattern [DELETE /logout]]
2026-08-21T20:50:53.022+03:00 TRACE 7284 --- [library] [io-5050-exec-10] o.s.security.web.FilterChainProxy        : Invoking JwtAuthFilter (6/12)
2026-08-21T20:50:53.022+03:00 TRACE 7284 --- [library] [nio-5050-exec-9] o.s.security.web.FilterChainProxy        : Invoking JwtAuthFilter (6/12)
2026-08-21T20:50:53.024+03:00 TRACE 7284 --- [library] [io-5050-exec-10] .s.s.w.c.SupplierDeferredSecurityContext : Created SecurityContextImpl [Null authentication]
2026-08-21T20:50:53.025+03:00 TRACE 7284 --- [library] [nio-5050-exec-9] .s.s.w.c.SupplierDeferredSecurityContext : Created SecurityContextImpl [Null authentication]
Hibernate: select u1_0.id,u1_0.email,u1_0.name,u1_0.password,u1_0.role from users u1_0 where u1_0.email=?
2026-08-21T20:50:53.035+03:00 TRACE 7284 --- [library] [io-5050-exec-10] o.s.security.web.FilterChainProxy        : Invoking RequestCacheAwareFilter (7/12)
2026-08-21T20:50:53.035+03:00 TRACE 7284 --- [library] [io-5050-exec-10] o.s.security.web.FilterChainProxy        : Invoking SecurityContextHolderAwareRequestFilter (8/12)
2026-08-21T20:50:53.036+03:00 TRACE 7284 --- [library] [io-5050-exec-10] o.s.security.web.FilterChainProxy        : Invoking AnonymousAuthenticationFilter (9/12)
2026-08-21T20:50:53.036+03:00 TRACE 7284 --- [library] [io-5050-exec-10] o.s.security.web.FilterChainProxy        : Invoking SessionManagementFilter (10/12)
2026-08-21T20:50:53.037+03:00 TRACE 7284 --- [library] [io-5050-exec-10] o.s.s.w.a.AnonymousAuthenticationFilter  : Did not set SecurityContextHolder since already authenticated UsernamePasswordAuthenticationToken [Principal=User(id=13, name=Test User, email=test@example.com, password=$2a$10$/E99rsKfKX2o118lTpIPP.y/mU88iht6TNzF3rg8wHTNy9gwE6MiO, role=ADMIN), Credentials=[PROTECTED], Authenticated=true, Details=WebAuthenticationDetails [RemoteIpAddress=0:0:0:0:0:0:0:1, SessionId=null], Granted Authorities=[Role_ADMIN]]
2026-08-21T20:50:53.037+03:00 TRACE 7284 --- [library] [io-5050-exec-10] s.CompositeSessionAuthenticationStrategy : Preparing session with ChangeSessionIdAuthenticationStrategy (1/1)
2026-08-21T20:50:53.037+03:00 TRACE 7284 --- [library] [io-5050-exec-10] o.s.security.web.FilterChainProxy        : Invoking ExceptionTranslationFilter (11/12)
2026-08-21T20:50:53.038+03:00 TRACE 7284 --- [library] [io-5050-exec-10] o.s.security.web.FilterChainProxy        : Invoking AuthorizationFilter (12/12)
2026-08-21T20:50:53.038+03:00 TRACE 7284 --- [library] [io-5050-exec-10] estMatcherDelegatingAuthorizationManager : Authorizing GET /api/books
2026-08-21T20:50:53.038+03:00 TRACE 7284 --- [library] [io-5050-exec-10] estMatcherDelegatingAuthorizationManager : Checking authorization on GET /api/books using org.springframework.security.authorization.AuthenticatedAuthorizationManager@7b7ecddb
2026-08-21T20:50:53.039+03:00 DEBUG 7284 --- [library] [io-5050-exec-10] o.s.security.web.FilterChainProxy        : Secured GET /api/books
Hibernate: select u1_0.id,u1_0.email,u1_0.name,u1_0.password,u1_0.role from users u1_0 where u1_0.email=?
Hibernate: select b1_0.id,b1_0.available_copies,b1_0.category_id,b1_0.description,b1_0.title from books b1_0
2026-08-21T20:50:53.049+03:00 TRACE 7284 --- [library] [nio-5050-exec-9] o.s.security.web.FilterChainProxy        : Invoking RequestCacheAwareFilter (7/12)
2026-08-21T20:50:53.050+03:00 TRACE 7284 --- [library] [nio-5050-exec-9] o.s.security.web.FilterChainProxy        : Invoking SecurityContextHolderAwareRequestFilter (8/12)
2026-08-21T20:50:53.050+03:00 TRACE 7284 --- [library] [nio-5050-exec-9] o.s.security.web.FilterChainProxy        : Invoking AnonymousAuthenticationFilter (9/12)
2026-08-21T20:50:53.051+03:00 TRACE 7284 --- [library] [nio-5050-exec-9] o.s.security.web.FilterChainProxy        : Invoking SessionManagementFilter (10/12)
2026-08-21T20:50:53.051+03:00 TRACE 7284 --- [library] [nio-5050-exec-9] o.s.s.w.a.AnonymousAuthenticationFilter  : Did not set SecurityContextHolder since already authenticated UsernamePasswordAuthenticationToken [Principal=User(id=13, name=Test User, email=test@example.com, password=$2a$10$/E99rsKfKX2o118lTpIPP.y/mU88iht6TNzF3rg8wHTNy9gwE6MiO, role=ADMIN), Credentials=[PROTECTED], Authenticated=true, Details=WebAuthenticationDetails [RemoteIpAddress=0:0:0:0:0:0:0:1, SessionId=null], Granted Authorities=[Role_ADMIN]]
2026-08-21T20:50:53.052+03:00 TRACE 7284 --- [library] [nio-5050-exec-9] s.CompositeSessionAuthenticationStrategy : Preparing session with ChangeSessionIdAuthenticationStrategy (1/1)
2026-08-21T20:50:53.053+03:00 TRACE 7284 --- [library] [nio-5050-exec-9] o.s.security.web.FilterChainProxy        : Invoking ExceptionTranslationFilter (11/12)
2026-08-21T20:50:53.053+03:00 TRACE 7284 --- [library] [nio-5050-exec-9] o.s.security.web.FilterChainProxy        : Invoking AuthorizationFilter (12/12)
2026-08-21T20:50:53.054+03:00 TRACE 7284 --- [library] [nio-5050-exec-9] estMatcherDelegatingAuthorizationManager : Authorizing GET /api/borrow
2026-08-21T20:50:53.054+03:00 TRACE 7284 --- [library] [nio-5050-exec-9] estMatcherDelegatingAuthorizationManager : Checking authorization on GET /api/borrow using org.springframework.security.authorization.AuthenticatedAuthorizationManager@7b7ecddb
2026-08-21T20:50:53.055+03:00 DEBUG 7284 --- [library] [nio-5050-exec-9] o.s.security.web.FilterChainProxy        : Secured GET /api/borrow
Hibernate: select br1_0.id,br1_0.book_id,br1_0.borrow_date,br1_0.due_date,br1_0.return_date,br1_0.user_id from borrow_records br1_0
Hibernate: select c1_0.id,c1_0.name from categories c1_0 where c1_0.id=?
Hibernate: select a1_0.book_id,a1_1.id,a1_1.name from book_authors a1_0 join authors a1_1 on a1_1.id=a1_0.author_id where a1_0.book_id=?
2026-08-21T20:50:53.125+03:00 TRACE 7284 --- [library] [nio-5050-exec-9] o.s.s.w.header.writers.HstsHeaderWriter  : Not injecting HSTS header since it did not match request to [Is Secure]
2026-08-21T20:50:53.223+03:00 TRACE 7284 --- [library] [io-5050-exec-10] o.s.s.w.header.writers.HstsHeaderWriter  : Not injecting HSTS header since it did not match request to [Is Secure]
2026-08-21T20:50:57.645+03:00 TRACE 7284 --- [library] [nio-5050-exec-1] o.s.security.web.FilterChainProxy        : Trying to match request against DefaultSecurityFilterChain defined as 'securityFilterChain' in [class path resource [org/library/security/SecurityConfig.class]] matching [any request] and having filters [DisableEncodeUrl, WebAsyncManagerIntegration, SecurityContextHolder, HeaderWriter, Logout, JwtAuth, RequestCacheAware, SecurityContextHolderAwareRequest, AnonymousAuthentication, SessionManagement, ExceptionTranslation, Authorization] (1/1)
2026-08-21T20:50:57.646+03:00 DEBUG 7284 --- [library] [nio-5050-exec-1] o.s.security.web.FilterChainProxy        : Securing POST /api/borrow/1
2026-08-21T20:50:57.647+03:00 TRACE 7284 --- [library] [nio-5050-exec-1] o.s.security.web.FilterChainProxy        : Invoking DisableEncodeUrlFilter (1/12)
2026-08-21T20:50:57.647+03:00 TRACE 7284 --- [library] [nio-5050-exec-1] o.s.security.web.FilterChainProxy        : Invoking WebAsyncManagerIntegrationFilter (2/12)
2026-08-21T20:50:57.648+03:00 TRACE 7284 --- [library] [nio-5050-exec-1] o.s.security.web.FilterChainProxy        : Invoking SecurityContextHolderFilter (3/12)
2026-08-21T20:50:57.648+03:00 TRACE 7284 --- [library] [nio-5050-exec-1] o.s.security.web.FilterChainProxy        : Invoking HeaderWriterFilter (4/12)
2026-08-21T20:50:57.651+03:00 TRACE 7284 --- [library] [nio-5050-exec-1] o.s.security.web.FilterChainProxy        : Invoking LogoutFilter (5/12)
2026-08-21T20:50:57.652+03:00 TRACE 7284 --- [library] [nio-5050-exec-1] o.s.s.w.a.logout.LogoutFilter            : Did not match request to Or [PathPattern [GET /logout], PathPattern [POST /logout], PathPattern [PUT /logout], PathPattern [DELETE /logout]]
2026-08-21T20:50:57.653+03:00 TRACE 7284 --- [library] [nio-5050-exec-1] o.s.security.web.FilterChainProxy        : Invoking JwtAuthFilter (6/12)
2026-08-21T20:50:57.657+03:00 TRACE 7284 --- [library] [nio-5050-exec-1] .s.s.w.c.SupplierDeferredSecurityContext : Created SecurityContextImpl [Null authentication]
Hibernate: select u1_0.id,u1_0.email,u1_0.name,u1_0.password,u1_0.role from users u1_0 where u1_0.email=?
2026-08-21T20:50:57.676+03:00 TRACE 7284 --- [library] [nio-5050-exec-1] o.s.security.web.FilterChainProxy        : Invoking RequestCacheAwareFilter (7/12)
2026-08-21T20:50:57.677+03:00 TRACE 7284 --- [library] [nio-5050-exec-1] o.s.security.web.FilterChainProxy        : Invoking SecurityContextHolderAwareRequestFilter (8/12)
2026-08-21T20:50:57.677+03:00 TRACE 7284 --- [library] [nio-5050-exec-1] o.s.security.web.FilterChainProxy        : Invoking AnonymousAuthenticationFilter (9/12)
2026-08-21T20:50:57.678+03:00 TRACE 7284 --- [library] [nio-5050-exec-1] o.s.security.web.FilterChainProxy        : Invoking SessionManagementFilter (10/12)
2026-08-21T20:50:57.679+03:00 TRACE 7284 --- [library] [nio-5050-exec-1] o.s.s.w.a.AnonymousAuthenticationFilter  : Did not set SecurityContextHolder since already authenticated UsernamePasswordAuthenticationToken [Principal=User(id=13, name=Test User, email=test@example.com, password=$2a$10$/E99rsKfKX2o118lTpIPP.y/mU88iht6TNzF3rg8wHTNy9gwE6MiO, role=ADMIN), Credentials=[PROTECTED], Authenticated=true, Details=WebAuthenticationDetails [RemoteIpAddress=0:0:0:0:0:0:0:1, SessionId=null], Granted Authorities=[Role_ADMIN]]
2026-08-21T20:50:57.680+03:00 TRACE 7284 --- [library] [nio-5050-exec-1] s.CompositeSessionAuthenticationStrategy : Preparing session with ChangeSessionIdAuthenticationStrategy (1/1)
2026-08-21T20:50:57.680+03:00 TRACE 7284 --- [library] [nio-5050-exec-1] o.s.security.web.FilterChainProxy        : Invoking ExceptionTranslationFilter (11/12)
2026-08-21T20:50:57.681+03:00 TRACE 7284 --- [library] [nio-5050-exec-1] o.s.security.web.FilterChainProxy        : Invoking AuthorizationFilter (12/12)
2026-08-21T20:50:57.682+03:00 TRACE 7284 --- [library] [nio-5050-exec-1] estMatcherDelegatingAuthorizationManager : Authorizing POST /api/borrow/1
2026-08-21T20:50:57.682+03:00 TRACE 7284 --- [library] [nio-5050-exec-1] estMatcherDelegatingAuthorizationManager : Checking authorization on POST /api/borrow/1 using org.springframework.security.authorization.AuthenticatedAuthorizationManager@7b7ecddb
2026-08-21T20:50:57.683+03:00 DEBUG 7284 --- [library] [nio-5050-exec-1] o.s.security.web.FilterChainProxy        : Secured POST /api/borrow/1
Hibernate: select b1_0.id,b1_0.available_copies,b1_0.category_id,c1_0.id,c1_0.name,b1_0.description,b1_0.title from books b1_0 join categories c1_0 on c1_0.id=b1_0.category_id where b1_0.id=?
Hibernate: insert into borrow_records (book_id,borrow_date,due_date,return_date,user_id) values (?,?,?,?,?)
Hibernate: select a1_0.book_id,a1_1.id,a1_1.name from book_authors a1_0 join authors a1_1 on a1_1.id=a1_0.author_id where a1_0.book_id=?
Hibernate: update books set available_copies=?,category_id=?,description=?,title=? where id=?
2026-08-21T20:50:58.090+03:00 TRACE 7284 --- [library] [nio-5050-exec-1] o.s.s.w.header.writers.HstsHeaderWriter  : Not injecting HSTS header since it did not match request to [Is Secure]
2026-08-21T20:50:58.121+03:00 TRACE 7284 --- [library] [nio-5050-exec-2] o.s.security.web.FilterChainProxy        : Trying to match request against DefaultSecurityFilterChain defined as 'securityFilterChain' in [class path resource [org/library/security/SecurityConfig.class]] matching [any request] and having filters [DisableEncodeUrl, WebAsyncManagerIntegration, SecurityContextHolder, HeaderWriter, Logout, JwtAuth, RequestCacheAware, SecurityContextHolderAwareRequest, AnonymousAuthentication, SessionManagement, ExceptionTranslation, Authorization] (1/1)
2026-08-21T20:50:58.122+03:00 TRACE 7284 --- [library] [nio-5050-exec-5] o.s.security.web.FilterChainProxy        : Trying to match request against DefaultSecurityFilterChain defined as 'securityFilterChain' in [class path resource [org/library/security/SecurityConfig.class]] matching [any request] and having filters [DisableEncodeUrl, WebAsyncManagerIntegration, SecurityContextHolder, HeaderWriter, Logout, JwtAuth, RequestCacheAware, SecurityContextHolderAwareRequest, AnonymousAuthentication, SessionManagement, ExceptionTranslation, Authorization] (1/1)
2026-08-21T20:50:58.122+03:00 DEBUG 7284 --- [library] [nio-5050-exec-2] o.s.security.web.FilterChainProxy        : Securing GET /api/borrow
2026-08-21T20:50:58.122+03:00 DEBUG 7284 --- [library] [nio-5050-exec-5] o.s.security.web.FilterChainProxy        : Securing GET /api/books
2026-08-21T20:50:58.123+03:00 TRACE 7284 --- [library] [nio-5050-exec-2] o.s.security.web.FilterChainProxy        : Invoking DisableEncodeUrlFilter (1/12)
2026-08-21T20:50:58.123+03:00 TRACE 7284 --- [library] [nio-5050-exec-5] o.s.security.web.FilterChainProxy        : Invoking DisableEncodeUrlFilter (1/12)
2026-08-21T20:50:58.124+03:00 TRACE 7284 --- [library] [nio-5050-exec-2] o.s.security.web.FilterChainProxy        : Invoking WebAsyncManagerIntegrationFilter (2/12)
2026-08-21T20:50:58.124+03:00 TRACE 7284 --- [library] [nio-5050-exec-5] o.s.security.web.FilterChainProxy        : Invoking WebAsyncManagerIntegrationFilter (2/12)
2026-08-21T20:50:58.125+03:00 TRACE 7284 --- [library] [nio-5050-exec-2] o.s.security.web.FilterChainProxy        : Invoking SecurityContextHolderFilter (3/12)
2026-08-21T20:50:58.125+03:00 TRACE 7284 --- [library] [nio-5050-exec-5] o.s.security.web.FilterChainProxy        : Invoking SecurityContextHolderFilter (3/12)
2026-08-21T20:50:58.125+03:00 TRACE 7284 --- [library] [nio-5050-exec-2] o.s.security.web.FilterChainProxy        : Invoking HeaderWriterFilter (4/12)
2026-08-21T20:50:58.126+03:00 TRACE 7284 --- [library] [nio-5050-exec-5] o.s.security.web.FilterChainProxy        : Invoking HeaderWriterFilter (4/12)
2026-08-21T20:50:58.126+03:00 TRACE 7284 --- [library] [nio-5050-exec-2] o.s.security.web.FilterChainProxy        : Invoking LogoutFilter (5/12)
2026-08-21T20:50:58.126+03:00 TRACE 7284 --- [library] [nio-5050-exec-5] o.s.security.web.FilterChainProxy        : Invoking LogoutFilter (5/12)
2026-08-21T20:50:58.126+03:00 TRACE 7284 --- [library] [nio-5050-exec-2] o.s.s.w.a.logout.LogoutFilter            : Did not match request to Or [PathPattern [GET /logout], PathPattern [POST /logout], PathPattern [PUT /logout], PathPattern [DELETE /logout]]
2026-08-21T20:50:58.127+03:00 TRACE 7284 --- [library] [nio-5050-exec-5] o.s.s.w.a.logout.LogoutFilter            : Did not match request to Or [PathPattern [GET /logout], PathPattern [POST /logout], PathPattern [PUT /logout], PathPattern [DELETE /logout]]
2026-08-21T20:50:58.127+03:00 TRACE 7284 --- [library] [nio-5050-exec-2] o.s.security.web.FilterChainProxy        : Invoking JwtAuthFilter (6/12)
2026-08-21T20:50:58.127+03:00 TRACE 7284 --- [library] [nio-5050-exec-5] o.s.security.web.FilterChainProxy        : Invoking JwtAuthFilter (6/12)
2026-08-21T20:50:58.129+03:00 TRACE 7284 --- [library] [nio-5050-exec-5] .s.s.w.c.SupplierDeferredSecurityContext : Created SecurityContextImpl [Null authentication]
2026-08-21T20:50:58.129+03:00 TRACE 7284 --- [library] [nio-5050-exec-2] .s.s.w.c.SupplierDeferredSecurityContext : Created SecurityContextImpl [Null authentication]
Hibernate: select u1_0.id,u1_0.email,u1_0.name,u1_0.password,u1_0.role from users u1_0 where u1_0.email=?
Hibernate: select u1_0.id,u1_0.email,u1_0.name,u1_0.password,u1_0.role from users u1_0 where u1_0.email=?
2026-08-21T20:50:58.149+03:00 TRACE 7284 --- [library] [nio-5050-exec-5] o.s.security.web.FilterChainProxy        : Invoking RequestCacheAwareFilter (7/12)
2026-08-21T20:50:58.149+03:00 TRACE 7284 --- [library] [nio-5050-exec-5] o.s.security.web.FilterChainProxy        : Invoking SecurityContextHolderAwareRequestFilter (8/12)
2026-08-21T20:50:58.150+03:00 TRACE 7284 --- [library] [nio-5050-exec-5] o.s.security.web.FilterChainProxy        : Invoking AnonymousAuthenticationFilter (9/12)
2026-08-21T20:50:58.150+03:00 TRACE 7284 --- [library] [nio-5050-exec-5] o.s.security.web.FilterChainProxy        : Invoking SessionManagementFilter (10/12)
2026-08-21T20:50:58.151+03:00 TRACE 7284 --- [library] [nio-5050-exec-5] o.s.s.w.a.AnonymousAuthenticationFilter  : Did not set SecurityContextHolder since already authenticated UsernamePasswordAuthenticationToken [Principal=User(id=13, name=Test User, email=test@example.com, password=$2a$10$/E99rsKfKX2o118lTpIPP.y/mU88iht6TNzF3rg8wHTNy9gwE6MiO, role=ADMIN), Credentials=[PROTECTED], Authenticated=true, Details=WebAuthenticationDetails [RemoteIpAddress=0:0:0:0:0:0:0:1, SessionId=null], Granted Authorities=[Role_ADMIN]]
2026-08-21T20:50:58.152+03:00 TRACE 7284 --- [library] [nio-5050-exec-5] s.CompositeSessionAuthenticationStrategy : Preparing session with ChangeSessionIdAuthenticationStrategy (1/1)
2026-08-21T20:50:58.152+03:00 TRACE 7284 --- [library] [nio-5050-exec-5] o.s.security.web.FilterChainProxy        : Invoking ExceptionTranslationFilter (11/12)
2026-08-21T20:50:58.153+03:00 TRACE 7284 --- [library] [nio-5050-exec-5] o.s.security.web.FilterChainProxy        : Invoking AuthorizationFilter (12/12)
2026-08-21T20:50:58.153+03:00 TRACE 7284 --- [library] [nio-5050-exec-5] estMatcherDelegatingAuthorizationManager : Authorizing GET /api/books
2026-08-21T20:50:58.154+03:00 TRACE 7284 --- [library] [nio-5050-exec-5] estMatcherDelegatingAuthorizationManager : Checking authorization on GET /api/books using org.springframework.security.authorization.AuthenticatedAuthorizationManager@7b7ecddb
2026-08-21T20:50:58.155+03:00 DEBUG 7284 --- [library] [nio-5050-exec-5] o.s.security.web.FilterChainProxy        : Secured GET /api/books
2026-08-21T20:50:58.155+03:00 TRACE 7284 --- [library] [nio-5050-exec-2] o.s.security.web.FilterChainProxy        : Invoking RequestCacheAwareFilter (7/12)
2026-08-21T20:50:58.156+03:00 TRACE 7284 --- [library] [nio-5050-exec-2] o.s.security.web.FilterChainProxy        : Invoking SecurityContextHolderAwareRequestFilter (8/12)
2026-08-21T20:50:58.157+03:00 TRACE 7284 --- [library] [nio-5050-exec-2] o.s.security.web.FilterChainProxy        : Invoking AnonymousAuthenticationFilter (9/12)
2026-08-21T20:50:58.158+03:00 TRACE 7284 --- [library] [nio-5050-exec-2] o.s.security.web.FilterChainProxy        : Invoking SessionManagementFilter (10/12)
2026-08-21T20:50:58.158+03:00 TRACE 7284 --- [library] [nio-5050-exec-2] o.s.s.w.a.AnonymousAuthenticationFilter  : Did not set SecurityContextHolder since already authenticated UsernamePasswordAuthenticationToken [Principal=User(id=13, name=Test User, email=test@example.com, password=$2a$10$/E99rsKfKX2o118lTpIPP.y/mU88iht6TNzF3rg8wHTNy9gwE6MiO, role=ADMIN), Credentials=[PROTECTED], Authenticated=true, Details=WebAuthenticationDetails [RemoteIpAddress=0:0:0:0:0:0:0:1, SessionId=null], Granted Authorities=[Role_ADMIN]]
2026-08-21T20:50:58.159+03:00 TRACE 7284 --- [library] [nio-5050-exec-2] s.CompositeSessionAuthenticationStrategy : Preparing session with ChangeSessionIdAuthenticationStrategy (1/1)
2026-08-21T20:50:58.160+03:00 TRACE 7284 --- [library] [nio-5050-exec-2] o.s.security.web.FilterChainProxy        : Invoking ExceptionTranslationFilter (11/12)
2026-08-21T20:50:58.160+03:00 TRACE 7284 --- [library] [nio-5050-exec-2] o.s.security.web.FilterChainProxy        : Invoking AuthorizationFilter (12/12)
2026-08-21T20:50:58.161+03:00 TRACE 7284 --- [library] [nio-5050-exec-2] estMatcherDelegatingAuthorizationManager : Authorizing GET /api/borrow
2026-08-21T20:50:58.162+03:00 TRACE 7284 --- [library] [nio-5050-exec-2] estMatcherDelegatingAuthorizationManager : Checking authorization on GET /api/borrow using org.springframework.security.authorization.AuthenticatedAuthorizationManager@7b7ecddb
2026-08-21T20:50:58.162+03:00 DEBUG 7284 --- [library] [nio-5050-exec-2] o.s.security.web.FilterChainProxy        : Secured GET /api/borrow
Hibernate: select b1_0.id,b1_0.available_copies,b1_0.category_id,b1_0.description,b1_0.title from books b1_0
Hibernate: select c1_0.id,c1_0.name from categories c1_0 where c1_0.id=?
Hibernate: select br1_0.id,br1_0.book_id,br1_0.borrow_date,br1_0.due_date,br1_0.return_date,br1_0.user_id from borrow_records br1_0
Hibernate: select b1_0.id,b1_0.available_copies,b1_0.category_id,c1_0.id,c1_0.name,b1_0.description,b1_0.title from books b1_0 join categories c1_0 on c1_0.id=b1_0.category_id where b1_0.id=?
Hibernate: select u1_0.id,u1_0.email,u1_0.name,u1_0.password,u1_0.role from users u1_0 where u1_0.id=?
Hibernate: select a1_0.book_id,a1_1.id,a1_1.name from book_authors a1_0 join authors a1_1 on a1_1.id=a1_0.author_id where a1_0.book_id=?
2026-08-21T20:50:58.234+03:00 TRACE 7284 --- [library] [nio-5050-exec-5] o.s.s.w.header.writers.HstsHeaderWriter  : Not injecting HSTS header since it did not match request to [Is Secure]
Hibernate: select a1_0.book_id,a1_1.id,a1_1.name from book_authors a1_0 join authors a1_1 on a1_1.id=a1_0.author_id where a1_0.book_id=?
2026-08-21T20:50:58.333+03:00 TRACE 7284 --- [library] [nio-5050-exec-2] o.s.s.w.header.writers.HstsHeaderWriter  : Not injecting HSTS header since it did not match request to [Is Secure]
2026-08-21T20:51:38.093+03:00 TRACE 7284 --- [library] [nio-5050-exec-4] o.s.security.web.FilterChainProxy        : Trying to match request against DefaultSecurityFilterChain defined as 'securityFilterChain' in [class path resource [org/library/security/SecurityConfig.class]] matching [any request] and having filters [DisableEncodeUrl, WebAsyncManagerIntegration, SecurityContextHolder, HeaderWriter, Logout, JwtAuth, RequestCacheAware, SecurityContextHolderAwareRequest, AnonymousAuthentication, SessionManagement, ExceptionTranslation, Authorization] (1/1)
2026-08-21T20:51:38.094+03:00 DEBUG 7284 --- [library] [nio-5050-exec-4] o.s.security.web.FilterChainProxy        : Securing GET /api/health
2026-08-21T20:51:38.094+03:00 TRACE 7284 --- [library] [nio-5050-exec-4] o.s.security.web.FilterChainProxy        : Invoking DisableEncodeUrlFilter (1/12)
2026-08-21T20:51:38.095+03:00 TRACE 7284 --- [library] [nio-5050-exec-4] o.s.security.web.FilterChainProxy        : Invoking WebAsyncManagerIntegrationFilter (2/12)
2026-08-21T20:51:38.095+03:00 TRACE 7284 --- [library] [nio-5050-exec-4] o.s.security.web.FilterChainProxy        : Invoking SecurityContextHolderFilter (3/12)
2026-08-21T20:51:38.095+03:00 TRACE 7284 --- [library] [nio-5050-exec-4] o.s.security.web.FilterChainProxy        : Invoking HeaderWriterFilter (4/12)
2026-08-21T20:51:38.096+03:00 TRACE 7284 --- [library] [nio-5050-exec-4] o.s.security.web.FilterChainProxy        : Invoking LogoutFilter (5/12)
2026-08-21T20:51:38.097+03:00 TRACE 7284 --- [library] [nio-5050-exec-4] o.s.s.w.a.logout.LogoutFilter            : Did not match request to Or [PathPattern [GET /logout], PathPattern [POST /logout], PathPattern [PUT /logout], PathPattern [DELETE /logout]]
2026-08-21T20:51:38.097+03:00 TRACE 7284 --- [library] [nio-5050-exec-4] o.s.security.web.FilterChainProxy        : Invoking JwtAuthFilter (6/12)
2026-08-21T20:51:38.098+03:00 TRACE 7284 --- [library] [nio-5050-exec-4] o.s.security.web.FilterChainProxy        : Invoking RequestCacheAwareFilter (7/12)
2026-08-21T20:51:38.098+03:00 TRACE 7284 --- [library] [nio-5050-exec-4] o.s.security.web.FilterChainProxy        : Invoking SecurityContextHolderAwareRequestFilter (8/12)
2026-08-21T20:51:38.098+03:00 TRACE 7284 --- [library] [nio-5050-exec-4] o.s.security.web.FilterChainProxy        : Invoking AnonymousAuthenticationFilter (9/12)
2026-08-21T20:51:38.099+03:00 TRACE 7284 --- [library] [nio-5050-exec-4] o.s.security.web.FilterChainProxy        : Invoking SessionManagementFilter (10/12)
2026-08-21T20:51:38.099+03:00 TRACE 7284 --- [library] [nio-5050-exec-4] .s.s.w.c.SupplierDeferredSecurityContext : Created SecurityContextImpl [Null authentication]
2026-08-21T20:51:38.100+03:00 TRACE 7284 --- [library] [nio-5050-exec-4] o.s.s.w.a.AnonymousAuthenticationFilter  : Set SecurityContextHolder to AnonymousAuthenticationToken [Principal=anonymousUser, Credentials=[PROTECTED], Authenticated=true, Details=WebAuthenticationDetails [RemoteIpAddress=0:0:0:0:0:0:0:1, SessionId=null], Granted Authorities=[ROLE_ANONYMOUS]]
2026-08-21T20:51:38.100+03:00 TRACE 7284 --- [library] [nio-5050-exec-4] o.s.security.web.FilterChainProxy        : Invoking ExceptionTranslationFilter (11/12)
2026-08-21T20:51:38.101+03:00 TRACE 7284 --- [library] [nio-5050-exec-4] o.s.security.web.FilterChainProxy        : Invoking AuthorizationFilter (12/12)
2026-08-21T20:51:38.101+03:00 TRACE 7284 --- [library] [nio-5050-exec-4] estMatcherDelegatingAuthorizationManager : Authorizing GET /api/health
2026-08-21T20:51:38.102+03:00 TRACE 7284 --- [library] [nio-5050-exec-4] estMatcherDelegatingAuthorizationManager : Checking authorization on GET /api/health using org.springframework.security.authorization.SingleResultAuthorizationManager@4420bcf
2026-08-21T20:51:38.102+03:00 DEBUG 7284 --- [library] [nio-5050-exec-4] o.s.security.web.FilterChainProxy        : Secured GET /api/health
2026-08-21T20:51:38.107+03:00 TRACE 7284 --- [library] [nio-5050-exec-4] o.s.s.w.header.writers.HstsHeaderWriter  : Not injecting HSTS header since it did not match request to [Is Secure]
2026-08-21T20:51:39.632+03:00 TRACE 7284 --- [library] [nio-5050-exec-6] o.s.security.web.FilterChainProxy        : Trying to match request against DefaultSecurityFilterChain defined as 'securityFilterChain' in [class path resource [org/library/security/SecurityConfig.class]] matching [any request] and having filters [DisableEncodeUrl, WebAsyncManagerIntegration, SecurityContextHolder, HeaderWriter, Logout, JwtAuth, RequestCacheAware, SecurityContextHolderAwareRequest, AnonymousAuthentication, SessionManagement, ExceptionTranslation, Authorization] (1/1)
2026-08-21T20:51:39.632+03:00 TRACE 7284 --- [library] [nio-5050-exec-3] o.s.security.web.FilterChainProxy        : Trying to match request against DefaultSecurityFilterChain defined as 'securityFilterChain' in [class path resource [org/library/security/SecurityConfig.class]] matching [any request] and having filters [DisableEncodeUrl, WebAsyncManagerIntegration, SecurityContextHolder, HeaderWriter, Logout, JwtAuth, RequestCacheAware, SecurityContextHolderAwareRequest, AnonymousAuthentication, SessionManagement, ExceptionTranslation, Authorization] (1/1)
2026-08-21T20:51:39.633+03:00 DEBUG 7284 --- [library] [nio-5050-exec-6] o.s.security.web.FilterChainProxy        : Securing GET /api/books
2026-08-21T20:51:39.633+03:00 DEBUG 7284 --- [library] [nio-5050-exec-3] o.s.security.web.FilterChainProxy        : Securing GET /api/borrow
2026-08-21T20:51:39.633+03:00 TRACE 7284 --- [library] [nio-5050-exec-6] o.s.security.web.FilterChainProxy        : Invoking DisableEncodeUrlFilter (1/12)
2026-08-21T20:51:39.634+03:00 TRACE 7284 --- [library] [nio-5050-exec-3] o.s.security.web.FilterChainProxy        : Invoking DisableEncodeUrlFilter (1/12)
2026-08-21T20:51:39.634+03:00 TRACE 7284 --- [library] [nio-5050-exec-6] o.s.security.web.FilterChainProxy        : Invoking WebAsyncManagerIntegrationFilter (2/12)
2026-08-21T20:51:39.634+03:00 TRACE 7284 --- [library] [nio-5050-exec-3] o.s.security.web.FilterChainProxy        : Invoking WebAsyncManagerIntegrationFilter (2/12)
2026-08-21T20:51:39.634+03:00 TRACE 7284 --- [library] [nio-5050-exec-6] o.s.security.web.FilterChainProxy        : Invoking SecurityContextHolderFilter (3/12)
2026-08-21T20:51:39.635+03:00 TRACE 7284 --- [library] [nio-5050-exec-3] o.s.security.web.FilterChainProxy        : Invoking SecurityContextHolderFilter (3/12)
2026-08-21T20:51:39.635+03:00 TRACE 7284 --- [library] [nio-5050-exec-6] o.s.security.web.FilterChainProxy        : Invoking HeaderWriterFilter (4/12)
2026-08-21T20:51:39.635+03:00 TRACE 7284 --- [library] [nio-5050-exec-3] o.s.security.web.FilterChainProxy        : Invoking HeaderWriterFilter (4/12)
2026-08-21T20:51:39.636+03:00 TRACE 7284 --- [library] [nio-5050-exec-6] o.s.security.web.FilterChainProxy        : Invoking LogoutFilter (5/12)
2026-08-21T20:51:39.637+03:00 TRACE 7284 --- [library] [nio-5050-exec-3] o.s.security.web.FilterChainProxy        : Invoking LogoutFilter (5/12)
2026-08-21T20:51:39.637+03:00 TRACE 7284 --- [library] [nio-5050-exec-6] o.s.s.w.a.logout.LogoutFilter            : Did not match request to Or [PathPattern [GET /logout], PathPattern [POST /logout], PathPattern [PUT /logout], PathPattern [DELETE /logout]]
2026-08-21T20:51:39.637+03:00 TRACE 7284 --- [library] [nio-5050-exec-3] o.s.s.w.a.logout.LogoutFilter            : Did not match request to Or [PathPattern [GET /logout], PathPattern [POST /logout], PathPattern [PUT /logout], PathPattern [DELETE /logout]]
2026-08-21T20:51:39.638+03:00 TRACE 7284 --- [library] [nio-5050-exec-6] o.s.security.web.FilterChainProxy        : Invoking JwtAuthFilter (6/12)
2026-08-21T20:51:39.638+03:00 TRACE 7284 --- [library] [nio-5050-exec-3] o.s.security.web.FilterChainProxy        : Invoking JwtAuthFilter (6/12)
2026-08-21T20:51:39.640+03:00 TRACE 7284 --- [library] [nio-5050-exec-6] .s.s.w.c.SupplierDeferredSecurityContext : Created SecurityContextImpl [Null authentication]
2026-08-21T20:51:39.641+03:00 TRACE 7284 --- [library] [nio-5050-exec-3] .s.s.w.c.SupplierDeferredSecurityContext : Created SecurityContextImpl [Null authentication]
Hibernate: select u1_0.id,u1_0.email,u1_0.name,u1_0.password,u1_0.role from users u1_0 where u1_0.email=?
Hibernate: select u1_0.id,u1_0.email,u1_0.name,u1_0.password,u1_0.role from users u1_0 where u1_0.email=?
2026-08-21T20:51:39.668+03:00 TRACE 7284 --- [library] [nio-5050-exec-6] o.s.security.web.FilterChainProxy        : Invoking RequestCacheAwareFilter (7/12)
2026-08-21T20:51:39.668+03:00 TRACE 7284 --- [library] [nio-5050-exec-6] o.s.security.web.FilterChainProxy        : Invoking SecurityContextHolderAwareRequestFilter (8/12)
2026-08-21T20:51:39.669+03:00 TRACE 7284 --- [library] [nio-5050-exec-6] o.s.security.web.FilterChainProxy        : Invoking AnonymousAuthenticationFilter (9/12)
2026-08-21T20:51:39.669+03:00 TRACE 7284 --- [library] [nio-5050-exec-6] o.s.security.web.FilterChainProxy        : Invoking SessionManagementFilter (10/12)
2026-08-21T20:51:39.670+03:00 TRACE 7284 --- [library] [nio-5050-exec-6] o.s.s.w.a.AnonymousAuthenticationFilter  : Did not set SecurityContextHolder since already authenticated UsernamePasswordAuthenticationToken [Principal=User(id=13, name=Test User, email=test@example.com, password=$2a$10$/E99rsKfKX2o118lTpIPP.y/mU88iht6TNzF3rg8wHTNy9gwE6MiO, role=ADMIN), Credentials=[PROTECTED], Authenticated=true, Details=WebAuthenticationDetails [RemoteIpAddress=0:0:0:0:0:0:0:1, SessionId=null], Granted Authorities=[Role_ADMIN]]
2026-08-21T20:51:39.670+03:00 TRACE 7284 --- [library] [nio-5050-exec-6] s.CompositeSessionAuthenticationStrategy : Preparing session with ChangeSessionIdAuthenticationStrategy (1/1)
2026-08-21T20:51:39.670+03:00 TRACE 7284 --- [library] [nio-5050-exec-6] o.s.security.web.FilterChainProxy        : Invoking ExceptionTranslationFilter (11/12)
2026-08-21T20:51:39.671+03:00 TRACE 7284 --- [library] [nio-5050-exec-6] o.s.security.web.FilterChainProxy        : Invoking AuthorizationFilter (12/12)
2026-08-21T20:51:39.671+03:00 TRACE 7284 --- [library] [nio-5050-exec-6] estMatcherDelegatingAuthorizationManager : Authorizing GET /api/books
2026-08-21T20:51:39.672+03:00 TRACE 7284 --- [library] [nio-5050-exec-6] estMatcherDelegatingAuthorizationManager : Checking authorization on GET /api/books using org.springframework.security.authorization.AuthenticatedAuthorizationManager@7b7ecddb
2026-08-21T20:51:39.672+03:00 DEBUG 7284 --- [library] [nio-5050-exec-6] o.s.security.web.FilterChainProxy        : Secured GET /api/books
2026-08-21T20:51:39.672+03:00 TRACE 7284 --- [library] [nio-5050-exec-3] o.s.security.web.FilterChainProxy        : Invoking RequestCacheAwareFilter (7/12)
2026-08-21T20:51:39.673+03:00 TRACE 7284 --- [library] [nio-5050-exec-3] o.s.security.web.FilterChainProxy        : Invoking SecurityContextHolderAwareRequestFilter (8/12)
2026-08-21T20:51:39.673+03:00 TRACE 7284 --- [library] [nio-5050-exec-3] o.s.security.web.FilterChainProxy        : Invoking AnonymousAuthenticationFilter (9/12)
2026-08-21T20:51:39.673+03:00 TRACE 7284 --- [library] [nio-5050-exec-3] o.s.security.web.FilterChainProxy        : Invoking SessionManagementFilter (10/12)
2026-08-21T20:51:39.674+03:00 TRACE 7284 --- [library] [nio-5050-exec-3] o.s.s.w.a.AnonymousAuthenticationFilter  : Did not set SecurityContextHolder since already authenticated UsernamePasswordAuthenticationToken [Principal=User(id=13, name=Test User, email=test@example.com, password=$2a$10$/E99rsKfKX2o118lTpIPP.y/mU88iht6TNzF3rg8wHTNy9gwE6MiO, role=ADMIN), Credentials=[PROTECTED], Authenticated=true, Details=WebAuthenticationDetails [RemoteIpAddress=0:0:0:0:0:0:0:1, SessionId=null], Granted Authorities=[Role_ADMIN]]
2026-08-21T20:51:39.674+03:00 TRACE 7284 --- [library] [nio-5050-exec-3] s.CompositeSessionAuthenticationStrategy : Preparing session with ChangeSessionIdAuthenticationStrategy (1/1)
2026-08-21T20:51:39.674+03:00 TRACE 7284 --- [library] [nio-5050-exec-3] o.s.security.web.FilterChainProxy        : Invoking ExceptionTranslationFilter (11/12)
2026-08-21T20:51:39.675+03:00 TRACE 7284 --- [library] [nio-5050-exec-3] o.s.security.web.FilterChainProxy        : Invoking AuthorizationFilter (12/12)
2026-08-21T20:51:39.675+03:00 TRACE 7284 --- [library] [nio-5050-exec-3] estMatcherDelegatingAuthorizationManager : Authorizing GET /api/borrow
2026-08-21T20:51:39.675+03:00 TRACE 7284 --- [library] [nio-5050-exec-3] estMatcherDelegatingAuthorizationManager : Checking authorization on GET /api/borrow using org.springframework.security.authorization.AuthenticatedAuthorizationManager@7b7ecddb
2026-08-21T20:51:39.676+03:00 DEBUG 7284 --- [library] [nio-5050-exec-3] o.s.security.web.FilterChainProxy        : Secured GET /api/borrow
Hibernate: select br1_0.id,br1_0.book_id,br1_0.borrow_date,br1_0.due_date,br1_0.return_date,br1_0.user_id from borrow_records br1_0
Hibernate: select b1_0.id,b1_0.available_copies,b1_0.category_id,b1_0.description,b1_0.title from books b1_0
Hibernate: select b1_0.id,b1_0.available_copies,b1_0.category_id,c1_0.id,c1_0.name,b1_0.description,b1_0.title from books b1_0 join categories c1_0 on c1_0.id=b1_0.category_id where b1_0.id=?
Hibernate: select c1_0.id,c1_0.name from categories c1_0 where c1_0.id=?
Hibernate: select u1_0.id,u1_0.email,u1_0.name,u1_0.password,u1_0.role from users u1_0 where u1_0.id=?
Hibernate: select a1_0.book_id,a1_1.id,a1_1.name from book_authors a1_0 join authors a1_1 on a1_1.id=a1_0.author_id where a1_0.book_id=?
Hibernate: select a1_0.book_id,a1_1.id,a1_1.name from book_authors a1_0 join authors a1_1 on a1_1.id=a1_0.author_id where a1_0.book_id=?
2026-08-21T20:51:39.739+03:00 TRACE 7284 --- [library] [nio-5050-exec-6] o.s.s.w.header.writers.HstsHeaderWriter  : Not injecting HSTS header since it did not match request to [Is Secure]
2026-08-21T20:51:39.741+03:00 TRACE 7284 --- [library] [nio-5050-exec-3] o.s.s.w.header.writers.HstsHeaderWriter  : Not injecting HSTS header since it did not match request to [Is Secure]
2026-08-21T20:51:53.232+03:00 TRACE 7284 --- [library] [nio-5050-exec-7] o.s.security.web.FilterChainProxy        : Trying to match request against DefaultSecurityFilterChain defined as 'securityFilterChain' in [class path resource [org/library/security/SecurityConfig.class]] matching [any request] and having filters [DisableEncodeUrl, WebAsyncManagerIntegration, SecurityContextHolder, HeaderWriter, Logout, JwtAuth, RequestCacheAware, SecurityContextHolderAwareRequest, AnonymousAuthentication, SessionManagement, ExceptionTranslation, Authorization] (1/1)
2026-08-21T20:51:53.233+03:00 DEBUG 7284 --- [library] [nio-5050-exec-7] o.s.security.web.FilterChainProxy        : Securing GET /api/health
2026-08-21T20:51:53.233+03:00 TRACE 7284 --- [library] [nio-5050-exec-7] o.s.security.web.FilterChainProxy        : Invoking DisableEncodeUrlFilter (1/12)
2026-08-21T20:51:53.233+03:00 TRACE 7284 --- [library] [nio-5050-exec-7] o.s.security.web.FilterChainProxy        : Invoking WebAsyncManagerIntegrationFilter (2/12)
2026-08-21T20:51:53.234+03:00 TRACE 7284 --- [library] [nio-5050-exec-7] o.s.security.web.FilterChainProxy        : Invoking SecurityContextHolderFilter (3/12)
2026-08-21T20:51:53.234+03:00 TRACE 7284 --- [library] [nio-5050-exec-7] o.s.security.web.FilterChainProxy        : Invoking HeaderWriterFilter (4/12)
2026-08-21T20:51:53.235+03:00 TRACE 7284 --- [library] [nio-5050-exec-7] o.s.security.web.FilterChainProxy        : Invoking LogoutFilter (5/12)
2026-08-21T20:51:53.235+03:00 TRACE 7284 --- [library] [nio-5050-exec-7] o.s.s.w.a.logout.LogoutFilter            : Did not match request to Or [PathPattern [GET /logout], PathPattern [POST /logout], PathPattern [PUT /logout], PathPattern [DELETE /logout]]
2026-08-21T20:51:53.236+03:00 TRACE 7284 --- [library] [nio-5050-exec-7] o.s.security.web.FilterChainProxy        : Invoking JwtAuthFilter (6/12)
2026-08-21T20:51:53.236+03:00 TRACE 7284 --- [library] [nio-5050-exec-7] o.s.security.web.FilterChainProxy        : Invoking RequestCacheAwareFilter (7/12)
2026-08-21T20:51:53.237+03:00 TRACE 7284 --- [library] [nio-5050-exec-7] o.s.security.web.FilterChainProxy        : Invoking SecurityContextHolderAwareRequestFilter (8/12)
2026-08-21T20:51:53.237+03:00 TRACE 7284 --- [library] [nio-5050-exec-7] o.s.security.web.FilterChainProxy        : Invoking AnonymousAuthenticationFilter (9/12)
2026-08-21T20:51:53.237+03:00 TRACE 7284 --- [library] [nio-5050-exec-7] o.s.security.web.FilterChainProxy        : Invoking SessionManagementFilter (10/12)
2026-08-21T20:51:53.238+03:00 TRACE 7284 --- [library] [nio-5050-exec-7] .s.s.w.c.SupplierDeferredSecurityContext : Created SecurityContextImpl [Null authentication]
2026-08-21T20:51:53.238+03:00 TRACE 7284 --- [library] [nio-5050-exec-7] o.s.s.w.a.AnonymousAuthenticationFilter  : Set SecurityContextHolder to AnonymousAuthenticationToken [Principal=anonymousUser, Credentials=[PROTECTED], Authenticated=true, Details=WebAuthenticationDetails [RemoteIpAddress=0:0:0:0:0:0:0:1, SessionId=null], Granted Authorities=[ROLE_ANONYMOUS]]
2026-08-21T20:51:53.239+03:00 TRACE 7284 --- [library] [nio-5050-exec-7] o.s.security.web.FilterChainProxy        : Invoking ExceptionTranslationFilter (11/12)
2026-08-21T20:51:53.239+03:00 TRACE 7284 --- [library] [nio-5050-exec-7] o.s.security.web.FilterChainProxy        : Invoking AuthorizationFilter (12/12)
2026-08-21T20:51:53.240+03:00 TRACE 7284 --- [library] [nio-5050-exec-7] estMatcherDelegatingAuthorizationManager : Authorizing GET /api/health
2026-08-21T20:51:53.241+03:00 TRACE 7284 --- [library] [nio-5050-exec-7] estMatcherDelegatingAuthorizationManager : Checking authorization on GET /api/health using org.springframework.security.authorization.SingleResultAuthorizationManager@4420bcf
2026-08-21T20:51:53.242+03:00 DEBUG 7284 --- [library] [nio-5050-exec-7] o.s.security.web.FilterChainProxy        : Secured GET /api/health
2026-08-21T20:51:53.244+03:00 TRACE 7284 --- [library] [nio-5050-exec-7] o.s.s.w.header.writers.HstsHeaderWriter  : Not injecting HSTS header since it did not match request to [Is Secure]
2026-08-21T20:51:58.470+03:00 TRACE 7284 --- [library] [nio-5050-exec-8] o.s.security.web.FilterChainProxy        : Trying to match request against DefaultSecurityFilterChain defined as 'securityFilterChain' in [class path resource [org/library/security/SecurityConfig.class]] matching [any request] and having filters [DisableEncodeUrl, WebAsyncManagerIntegration, SecurityContextHolder, HeaderWriter, Logout, JwtAuth, RequestCacheAware, SecurityContextHolderAwareRequest, AnonymousAuthentication, SessionManagement, ExceptionTranslation, Authorization] (1/1)
2026-08-21T20:51:58.471+03:00 DEBUG 7284 --- [library] [nio-5050-exec-8] o.s.security.web.FilterChainProxy        : Securing GET /api/borrow
2026-08-21T20:51:58.471+03:00 TRACE 7284 --- [library] [nio-5050-exec-8] o.s.security.web.FilterChainProxy        : Invoking DisableEncodeUrlFilter (1/12)
2026-08-21T20:51:58.472+03:00 TRACE 7284 --- [library] [nio-5050-exec-8] o.s.security.web.FilterChainProxy        : Invoking WebAsyncManagerIntegrationFilter (2/12)
2026-08-21T20:51:58.472+03:00 TRACE 7284 --- [library] [nio-5050-exec-8] o.s.security.web.FilterChainProxy        : Invoking SecurityContextHolderFilter (3/12)
2026-08-21T20:51:58.473+03:00 TRACE 7284 --- [library] [nio-5050-exec-8] o.s.security.web.FilterChainProxy        : Invoking HeaderWriterFilter (4/12)
2026-08-21T20:51:58.473+03:00 TRACE 7284 --- [library] [nio-5050-exec-8] o.s.security.web.FilterChainProxy        : Invoking LogoutFilter (5/12)
2026-08-21T20:51:58.474+03:00 TRACE 7284 --- [library] [nio-5050-exec-8] o.s.s.w.a.logout.LogoutFilter            : Did not match request to Or [PathPattern [GET /logout], PathPattern [POST /logout], PathPattern [PUT /logout], PathPattern [DELETE /logout]]
2026-08-21T20:51:58.474+03:00 TRACE 7284 --- [library] [nio-5050-exec-8] o.s.security.web.FilterChainProxy        : Invoking JwtAuthFilter (6/12)
2026-08-21T20:51:58.476+03:00 TRACE 7284 --- [library] [nio-5050-exec-8] .s.s.w.c.SupplierDeferredSecurityContext : Created SecurityContextImpl [Null authentication]
2026-08-21T20:51:58.487+03:00 TRACE 7284 --- [library] [nio-5050-exec-9] o.s.security.web.FilterChainProxy        : Trying to match request against DefaultSecurityFilterChain defined as 'securityFilterChain' in [class path resource [org/library/security/SecurityConfig.class]] matching [any request] and having filters [DisableEncodeUrl, WebAsyncManagerIntegration, SecurityContextHolder, HeaderWriter, Logout, JwtAuth, RequestCacheAware, SecurityContextHolderAwareRequest, AnonymousAuthentication, SessionManagement, ExceptionTranslation, Authorization] (1/1)
2026-08-21T20:51:58.488+03:00 DEBUG 7284 --- [library] [nio-5050-exec-9] o.s.security.web.FilterChainProxy        : Securing GET /api/books
2026-08-21T20:51:58.488+03:00 TRACE 7284 --- [library] [nio-5050-exec-9] o.s.security.web.FilterChainProxy        : Invoking DisableEncodeUrlFilter (1/12)
2026-08-21T20:51:58.489+03:00 TRACE 7284 --- [library] [nio-5050-exec-9] o.s.security.web.FilterChainProxy        : Invoking WebAsyncManagerIntegrationFilter (2/12)
2026-08-21T20:51:58.489+03:00 TRACE 7284 --- [library] [nio-5050-exec-9] o.s.security.web.FilterChainProxy        : Invoking SecurityContextHolderFilter (3/12)
2026-08-21T20:51:58.490+03:00 TRACE 7284 --- [library] [nio-5050-exec-9] o.s.security.web.FilterChainProxy        : Invoking HeaderWriterFilter (4/12)
2026-08-21T20:51:58.491+03:00 TRACE 7284 --- [library] [nio-5050-exec-9] o.s.security.web.FilterChainProxy        : Invoking LogoutFilter (5/12)
2026-08-21T20:51:58.491+03:00 TRACE 7284 --- [library] [nio-5050-exec-9] o.s.s.w.a.logout.LogoutFilter            : Did not match request to Or [PathPattern [GET /logout], PathPattern [POST /logout], PathPattern [PUT /logout], PathPattern [DELETE /logout]]
2026-08-21T20:51:58.492+03:00 TRACE 7284 --- [library] [nio-5050-exec-9] o.s.security.web.FilterChainProxy        : Invoking JwtAuthFilter (6/12)
2026-08-21T20:51:58.494+03:00 TRACE 7284 --- [library] [nio-5050-exec-9] .s.s.w.c.SupplierDeferredSecurityContext : Created SecurityContextImpl [Null authentication]
Hibernate: select u1_0.id,u1_0.email,u1_0.name,u1_0.password,u1_0.role from users u1_0 where u1_0.email=?
Hibernate: select u1_0.id,u1_0.email,u1_0.name,u1_0.password,u1_0.role from users u1_0 where u1_0.email=?
2026-08-21T20:51:58.520+03:00 TRACE 7284 --- [library] [nio-5050-exec-8] o.s.security.web.FilterChainProxy        : Invoking RequestCacheAwareFilter (7/12)
2026-08-21T20:51:58.521+03:00 TRACE 7284 --- [library] [nio-5050-exec-8] o.s.security.web.FilterChainProxy        : Invoking SecurityContextHolderAwareRequestFilter (8/12)
2026-08-21T20:51:58.521+03:00 TRACE 7284 --- [library] [nio-5050-exec-8] o.s.security.web.FilterChainProxy        : Invoking AnonymousAuthenticationFilter (9/12)
2026-08-21T20:51:58.522+03:00 TRACE 7284 --- [library] [nio-5050-exec-8] o.s.security.web.FilterChainProxy        : Invoking SessionManagementFilter (10/12)
2026-08-21T20:51:58.522+03:00 TRACE 7284 --- [library] [nio-5050-exec-8] o.s.s.w.a.AnonymousAuthenticationFilter  : Did not set SecurityContextHolder since already authenticated UsernamePasswordAuthenticationToken [Principal=User(id=13, name=Test User, email=test@example.com, password=$2a$10$/E99rsKfKX2o118lTpIPP.y/mU88iht6TNzF3rg8wHTNy9gwE6MiO, role=ADMIN), Credentials=[PROTECTED], Authenticated=true, Details=WebAuthenticationDetails [RemoteIpAddress=0:0:0:0:0:0:0:1, SessionId=null], Granted Authorities=[Role_ADMIN]]
2026-08-21T20:51:58.522+03:00 TRACE 7284 --- [library] [nio-5050-exec-8] s.CompositeSessionAuthenticationStrategy : Preparing session with ChangeSessionIdAuthenticationStrategy (1/1)
2026-08-21T20:51:58.523+03:00 TRACE 7284 --- [library] [nio-5050-exec-8] o.s.security.web.FilterChainProxy        : Invoking ExceptionTranslationFilter (11/12)
2026-08-21T20:51:58.523+03:00 TRACE 7284 --- [library] [nio-5050-exec-8] o.s.security.web.FilterChainProxy        : Invoking AuthorizationFilter (12/12)
2026-08-21T20:51:58.524+03:00 TRACE 7284 --- [library] [nio-5050-exec-8] estMatcherDelegatingAuthorizationManager : Authorizing GET /api/borrow
2026-08-21T20:51:58.524+03:00 TRACE 7284 --- [library] [nio-5050-exec-8] estMatcherDelegatingAuthorizationManager : Checking authorization on GET /api/borrow using org.springframework.security.authorization.AuthenticatedAuthorizationManager@7b7ecddb
2026-08-21T20:51:58.524+03:00 DEBUG 7284 --- [library] [nio-5050-exec-8] o.s.security.web.FilterChainProxy        : Secured GET /api/borrow
2026-08-21T20:51:58.528+03:00 TRACE 7284 --- [library] [nio-5050-exec-9] o.s.security.web.FilterChainProxy        : Invoking RequestCacheAwareFilter (7/12)
2026-08-21T20:51:58.528+03:00 TRACE 7284 --- [library] [nio-5050-exec-9] o.s.security.web.FilterChainProxy        : Invoking SecurityContextHolderAwareRequestFilter (8/12)
2026-08-21T20:51:58.529+03:00 TRACE 7284 --- [library] [nio-5050-exec-9] o.s.security.web.FilterChainProxy        : Invoking AnonymousAuthenticationFilter (9/12)
2026-08-21T20:51:58.529+03:00 TRACE 7284 --- [library] [nio-5050-exec-9] o.s.security.web.FilterChainProxy        : Invoking SessionManagementFilter (10/12)
2026-08-21T20:51:58.529+03:00 TRACE 7284 --- [library] [nio-5050-exec-9] o.s.s.w.a.AnonymousAuthenticationFilter  : Did not set SecurityContextHolder since already authenticated UsernamePasswordAuthenticationToken [Principal=User(id=13, name=Test User, email=test@example.com, password=$2a$10$/E99rsKfKX2o118lTpIPP.y/mU88iht6TNzF3rg8wHTNy9gwE6MiO, role=ADMIN), Credentials=[PROTECTED], Authenticated=true, Details=WebAuthenticationDetails [RemoteIpAddress=0:0:0:0:0:0:0:1, SessionId=null], Granted Authorities=[Role_ADMIN]]
2026-08-21T20:51:58.530+03:00 TRACE 7284 --- [library] [nio-5050-exec-9] s.CompositeSessionAuthenticationStrategy : Preparing session with ChangeSessionIdAuthenticationStrategy (1/1)
2026-08-21T20:51:58.530+03:00 TRACE 7284 --- [library] [nio-5050-exec-9] o.s.security.web.FilterChainProxy        : Invoking ExceptionTranslationFilter (11/12)
2026-08-21T20:51:58.530+03:00 TRACE 7284 --- [library] [nio-5050-exec-9] o.s.security.web.FilterChainProxy        : Invoking AuthorizationFilter (12/12)
2026-08-21T20:51:58.531+03:00 TRACE 7284 --- [library] [nio-5050-exec-9] estMatcherDelegatingAuthorizationManager : Authorizing GET /api/books
2026-08-21T20:51:58.532+03:00 TRACE 7284 --- [library] [nio-5050-exec-9] estMatcherDelegatingAuthorizationManager : Checking authorization on GET /api/books using org.springframework.security.authorization.AuthenticatedAuthorizationManager@7b7ecddb
2026-08-21T20:51:58.532+03:00 DEBUG 7284 --- [library] [nio-5050-exec-9] o.s.security.web.FilterChainProxy        : Secured GET /api/books
Hibernate: select br1_0.id,br1_0.book_id,br1_0.borrow_date,br1_0.due_date,br1_0.return_date,br1_0.user_id from borrow_records br1_0
Hibernate: select b1_0.id,b1_0.available_copies,b1_0.category_id,b1_0.description,b1_0.title from books b1_0
Hibernate: select b1_0.id,b1_0.available_copies,b1_0.category_id,c1_0.id,c1_0.name,b1_0.description,b1_0.title from books b1_0 join categories c1_0 on c1_0.id=b1_0.category_id where b1_0.id=?
Hibernate: select c1_0.id,c1_0.name from categories c1_0 where c1_0.id=?
Hibernate: select u1_0.id,u1_0.email,u1_0.name,u1_0.password,u1_0.role from users u1_0 where u1_0.id=?
Hibernate: select a1_0.book_id,a1_1.id,a1_1.name from book_authors a1_0 join authors a1_1 on a1_1.id=a1_0.author_id where a1_0.book_id=?
Hibernate: select a1_0.book_id,a1_1.id,a1_1.name from book_authors a1_0 join authors a1_1 on a1_1.id=a1_0.author_id where a1_0.book_id=?
2026-08-21T20:51:58.618+03:00 TRACE 7284 --- [library] [nio-5050-exec-9] o.s.s.w.header.writers.HstsHeaderWriter  : Not injecting HSTS header since it did not match request to [Is Secure]
2026-08-21T20:51:58.627+03:00 TRACE 7284 --- [library] [nio-5050-exec-8] o.s.s.w.header.writers.HstsHeaderWriter  : Not injecting HSTS header since it did not match request to [Is Secure]
2026-08-21T20:52:04.612+03:00 TRACE 7284 --- [library] [io-5050-exec-10] o.s.security.web.FilterChainProxy        : Trying to match request against DefaultSecurityFilterChain defined as 'securityFilterChain' in [class path resource [org/library/security/SecurityConfig.class]] matching [any request] and having filters [DisableEncodeUrl, WebAsyncManagerIntegration, SecurityContextHolder, HeaderWriter, Logout, JwtAuth, RequestCacheAware, SecurityContextHolderAwareRequest, AnonymousAuthentication, SessionManagement, ExceptionTranslation, Authorization] (1/1)
2026-08-21T20:52:04.613+03:00 DEBUG 7284 --- [library] [io-5050-exec-10] o.s.security.web.FilterChainProxy        : Securing GET /api/borrow
2026-08-21T20:52:04.614+03:00 TRACE 7284 --- [library] [io-5050-exec-10] o.s.security.web.FilterChainProxy        : Invoking DisableEncodeUrlFilter (1/12)
2026-08-21T20:52:04.614+03:00 TRACE 7284 --- [library] [io-5050-exec-10] o.s.security.web.FilterChainProxy        : Invoking WebAsyncManagerIntegrationFilter (2/12)
2026-08-21T20:52:04.615+03:00 TRACE 7284 --- [library] [nio-5050-exec-1] o.s.security.web.FilterChainProxy        : Trying to match request against DefaultSecurityFilterChain defined as 'securityFilterChain' in [class path resource [org/library/security/SecurityConfig.class]] matching [any request] and having filters [DisableEncodeUrl, WebAsyncManagerIntegration, SecurityContextHolder, HeaderWriter, Logout, JwtAuth, RequestCacheAware, SecurityContextHolderAwareRequest, AnonymousAuthentication, SessionManagement, ExceptionTranslation, Authorization] (1/1)
2026-08-21T20:52:04.615+03:00 TRACE 7284 --- [library] [io-5050-exec-10] o.s.security.web.FilterChainProxy        : Invoking SecurityContextHolderFilter (3/12)
2026-08-21T20:52:04.615+03:00 DEBUG 7284 --- [library] [nio-5050-exec-1] o.s.security.web.FilterChainProxy        : Securing GET /api/books
2026-08-21T20:52:04.616+03:00 TRACE 7284 --- [library] [io-5050-exec-10] o.s.security.web.FilterChainProxy        : Invoking HeaderWriterFilter (4/12)
2026-08-21T20:52:04.616+03:00 TRACE 7284 --- [library] [nio-5050-exec-1] o.s.security.web.FilterChainProxy        : Invoking DisableEncodeUrlFilter (1/12)
2026-08-21T20:52:04.616+03:00 TRACE 7284 --- [library] [io-5050-exec-10] o.s.security.web.FilterChainProxy        : Invoking LogoutFilter (5/12)
2026-08-21T20:52:04.616+03:00 TRACE 7284 --- [library] [nio-5050-exec-5] o.s.security.web.FilterChainProxy        : Trying to match request against DefaultSecurityFilterChain defined as 'securityFilterChain' in [class path resource [org/library/security/SecurityConfig.class]] matching [any request] and having filters [DisableEncodeUrl, WebAsyncManagerIntegration, SecurityContextHolder, HeaderWriter, Logout, JwtAuth, RequestCacheAware, SecurityContextHolderAwareRequest, AnonymousAuthentication, SessionManagement, ExceptionTranslation, Authorization] (1/1)
2026-08-21T20:52:04.616+03:00 TRACE 7284 --- [library] [nio-5050-exec-1] o.s.security.web.FilterChainProxy        : Invoking WebAsyncManagerIntegrationFilter (2/12)
2026-08-21T20:52:04.617+03:00 TRACE 7284 --- [library] [io-5050-exec-10] o.s.s.w.a.logout.LogoutFilter            : Did not match request to Or [PathPattern [GET /logout], PathPattern [POST /logout], PathPattern [PUT /logout], PathPattern [DELETE /logout]]
2026-08-21T20:52:04.617+03:00 DEBUG 7284 --- [library] [nio-5050-exec-5] o.s.security.web.FilterChainProxy        : Securing GET /api/health
2026-08-21T20:52:04.617+03:00 TRACE 7284 --- [library] [nio-5050-exec-1] o.s.security.web.FilterChainProxy        : Invoking SecurityContextHolderFilter (3/12)
2026-08-21T20:52:04.617+03:00 TRACE 7284 --- [library] [io-5050-exec-10] o.s.security.web.FilterChainProxy        : Invoking JwtAuthFilter (6/12)
2026-08-21T20:52:04.618+03:00 TRACE 7284 --- [library] [nio-5050-exec-5] o.s.security.web.FilterChainProxy        : Invoking DisableEncodeUrlFilter (1/12)
2026-08-21T20:52:04.618+03:00 TRACE 7284 --- [library] [nio-5050-exec-1] o.s.security.web.FilterChainProxy        : Invoking HeaderWriterFilter (4/12)
2026-08-21T20:52:04.618+03:00 TRACE 7284 --- [library] [nio-5050-exec-5] o.s.security.web.FilterChainProxy        : Invoking WebAsyncManagerIntegrationFilter (2/12)
2026-08-21T20:52:04.619+03:00 TRACE 7284 --- [library] [nio-5050-exec-1] o.s.security.web.FilterChainProxy        : Invoking LogoutFilter (5/12)
2026-08-21T20:52:04.619+03:00 TRACE 7284 --- [library] [nio-5050-exec-5] o.s.security.web.FilterChainProxy        : Invoking SecurityContextHolderFilter (3/12)
2026-08-21T20:52:04.619+03:00 TRACE 7284 --- [library] [nio-5050-exec-1] o.s.s.w.a.logout.LogoutFilter            : Did not match request to Or [PathPattern [GET /logout], PathPattern [POST /logout], PathPattern [PUT /logout], PathPattern [DELETE /logout]]
2026-08-21T20:52:04.619+03:00 TRACE 7284 --- [library] [nio-5050-exec-5] o.s.security.web.FilterChainProxy        : Invoking HeaderWriterFilter (4/12)
2026-08-21T20:52:04.620+03:00 TRACE 7284 --- [library] [nio-5050-exec-1] o.s.security.web.FilterChainProxy        : Invoking JwtAuthFilter (6/12)
2026-08-21T20:52:04.620+03:00 TRACE 7284 --- [library] [io-5050-exec-10] .s.s.w.c.SupplierDeferredSecurityContext : Created SecurityContextImpl [Null authentication]
2026-08-21T20:52:04.620+03:00 TRACE 7284 --- [library] [nio-5050-exec-5] o.s.security.web.FilterChainProxy        : Invoking LogoutFilter (5/12)
2026-08-21T20:52:04.621+03:00 TRACE 7284 --- [library] [nio-5050-exec-5] o.s.s.w.a.logout.LogoutFilter            : Did not match request to Or [PathPattern [GET /logout], PathPattern [POST /logout], PathPattern [PUT /logout], PathPattern [DELETE /logout]]
2026-08-21T20:52:04.621+03:00 TRACE 7284 --- [library] [nio-5050-exec-5] o.s.security.web.FilterChainProxy        : Invoking JwtAuthFilter (6/12)
2026-08-21T20:52:04.621+03:00 TRACE 7284 --- [library] [nio-5050-exec-5] o.s.security.web.FilterChainProxy        : Invoking RequestCacheAwareFilter (7/12)
2026-08-21T20:52:04.621+03:00 TRACE 7284 --- [library] [nio-5050-exec-1] .s.s.w.c.SupplierDeferredSecurityContext : Created SecurityContextImpl [Null authentication]
2026-08-21T20:52:04.622+03:00 TRACE 7284 --- [library] [nio-5050-exec-5] o.s.security.web.FilterChainProxy        : Invoking SecurityContextHolderAwareRequestFilter (8/12)
2026-08-21T20:52:04.622+03:00 TRACE 7284 --- [library] [nio-5050-exec-5] o.s.security.web.FilterChainProxy        : Invoking AnonymousAuthenticationFilter (9/12)
2026-08-21T20:52:04.622+03:00 TRACE 7284 --- [library] [nio-5050-exec-5] o.s.security.web.FilterChainProxy        : Invoking SessionManagementFilter (10/12)
2026-08-21T20:52:04.623+03:00 TRACE 7284 --- [library] [nio-5050-exec-5] .s.s.w.c.SupplierDeferredSecurityContext : Created SecurityContextImpl [Null authentication]
2026-08-21T20:52:04.623+03:00 TRACE 7284 --- [library] [nio-5050-exec-5] o.s.s.w.a.AnonymousAuthenticationFilter  : Set SecurityContextHolder to AnonymousAuthenticationToken [Principal=anonymousUser, Credentials=[PROTECTED], Authenticated=true, Details=WebAuthenticationDetails [RemoteIpAddress=0:0:0:0:0:0:0:1, SessionId=null], Granted Authorities=[ROLE_ANONYMOUS]]
2026-08-21T20:52:04.624+03:00 TRACE 7284 --- [library] [nio-5050-exec-5] o.s.security.web.FilterChainProxy        : Invoking ExceptionTranslationFilter (11/12)
2026-08-21T20:52:04.624+03:00 TRACE 7284 --- [library] [nio-5050-exec-5] o.s.security.web.FilterChainProxy        : Invoking AuthorizationFilter (12/12)
2026-08-21T20:52:04.624+03:00 TRACE 7284 --- [library] [nio-5050-exec-5] estMatcherDelegatingAuthorizationManager : Authorizing GET /api/health
2026-08-21T20:52:04.625+03:00 TRACE 7284 --- [library] [nio-5050-exec-5] estMatcherDelegatingAuthorizationManager : Checking authorization on GET /api/health using org.springframework.security.authorization.SingleResultAuthorizationManager@4420bcf
2026-08-21T20:52:04.625+03:00 DEBUG 7284 --- [library] [nio-5050-exec-5] o.s.security.web.FilterChainProxy        : Secured GET /api/health
Hibernate: select u1_0.id,u1_0.email,u1_0.name,u1_0.password,u1_0.role from users u1_0 where u1_0.email=?
2026-08-21T20:52:04.628+03:00 TRACE 7284 --- [library] [nio-5050-exec-5] o.s.s.w.header.writers.HstsHeaderWriter  : Not injecting HSTS header since it did not match request to [Is Secure]
Hibernate: select u1_0.id,u1_0.email,u1_0.name,u1_0.password,u1_0.role from users u1_0 where u1_0.email=?
2026-08-21T20:52:04.639+03:00 TRACE 7284 --- [library] [io-5050-exec-10] o.s.security.web.FilterChainProxy        : Invoking RequestCacheAwareFilter (7/12)
2026-08-21T20:52:04.639+03:00 TRACE 7284 --- [library] [io-5050-exec-10] o.s.security.web.FilterChainProxy        : Invoking SecurityContextHolderAwareRequestFilter (8/12)
2026-08-21T20:52:04.640+03:00 TRACE 7284 --- [library] [io-5050-exec-10] o.s.security.web.FilterChainProxy        : Invoking AnonymousAuthenticationFilter (9/12)
2026-08-21T20:52:04.640+03:00 TRACE 7284 --- [library] [io-5050-exec-10] o.s.security.web.FilterChainProxy        : Invoking SessionManagementFilter (10/12)
2026-08-21T20:52:04.641+03:00 TRACE 7284 --- [library] [io-5050-exec-10] o.s.s.w.a.AnonymousAuthenticationFilter  : Did not set SecurityContextHolder since already authenticated UsernamePasswordAuthenticationToken [Principal=User(id=13, name=Test User, email=test@example.com, password=$2a$10$/E99rsKfKX2o118lTpIPP.y/mU88iht6TNzF3rg8wHTNy9gwE6MiO, role=ADMIN), Credentials=[PROTECTED], Authenticated=true, Details=WebAuthenticationDetails [RemoteIpAddress=0:0:0:0:0:0:0:1, SessionId=null], Granted Authorities=[Role_ADMIN]]
2026-08-21T20:52:04.641+03:00 TRACE 7284 --- [library] [io-5050-exec-10] s.CompositeSessionAuthenticationStrategy : Preparing session with ChangeSessionIdAuthenticationStrategy (1/1)
2026-08-21T20:52:04.642+03:00 TRACE 7284 --- [library] [io-5050-exec-10] o.s.security.web.FilterChainProxy        : Invoking ExceptionTranslationFilter (11/12)
2026-08-21T20:52:04.642+03:00 TRACE 7284 --- [library] [io-5050-exec-10] o.s.security.web.FilterChainProxy        : Invoking AuthorizationFilter (12/12)
2026-08-21T20:52:04.642+03:00 TRACE 7284 --- [library] [io-5050-exec-10] estMatcherDelegatingAuthorizationManager : Authorizing GET /api/borrow
2026-08-21T20:52:04.643+03:00 TRACE 7284 --- [library] [io-5050-exec-10] estMatcherDelegatingAuthorizationManager : Checking authorization on GET /api/borrow using org.springframework.security.authorization.AuthenticatedAuthorizationManager@7b7ecddb
2026-08-21T20:52:04.643+03:00 DEBUG 7284 --- [library] [io-5050-exec-10] o.s.security.web.FilterChainProxy        : Secured GET /api/borrow
Hibernate: select br1_0.id,br1_0.book_id,br1_0.borrow_date,br1_0.due_date,br1_0.return_date,br1_0.user_id from borrow_records br1_0
2026-08-21T20:52:04.650+03:00 TRACE 7284 --- [library] [nio-5050-exec-1] o.s.security.web.FilterChainProxy        : Invoking RequestCacheAwareFilter (7/12)
2026-08-21T20:52:04.651+03:00 TRACE 7284 --- [library] [nio-5050-exec-1] o.s.security.web.FilterChainProxy        : Invoking SecurityContextHolderAwareRequestFilter (8/12)
2026-08-21T20:52:04.651+03:00 TRACE 7284 --- [library] [nio-5050-exec-1] o.s.security.web.FilterChainProxy        : Invoking AnonymousAuthenticationFilter (9/12)
2026-08-21T20:52:04.652+03:00 TRACE 7284 --- [library] [nio-5050-exec-1] o.s.security.web.FilterChainProxy        : Invoking SessionManagementFilter (10/12)
Hibernate: select b1_0.id,b1_0.available_copies,b1_0.category_id,c1_0.id,c1_0.name,b1_0.description,b1_0.title from books b1_0 join categories c1_0 on c1_0.id=b1_0.category_id where b1_0.id=?
2026-08-21T20:52:04.652+03:00 TRACE 7284 --- [library] [nio-5050-exec-1] o.s.s.w.a.AnonymousAuthenticationFilter  : Did not set SecurityContextHolder since already authenticated UsernamePasswordAuthenticationToken [Principal=User(id=13, name=Test User, email=test@example.com, password=$2a$10$/E99rsKfKX2o118lTpIPP.y/mU88iht6TNzF3rg8wHTNy9gwE6MiO, role=ADMIN), Credentials=[PROTECTED], Authenticated=true, Details=WebAuthenticationDetails [RemoteIpAddress=0:0:0:0:0:0:0:1, SessionId=null], Granted Authorities=[Role_ADMIN]]
2026-08-21T20:52:04.653+03:00 TRACE 7284 --- [library] [nio-5050-exec-1] s.CompositeSessionAuthenticationStrategy : Preparing session with ChangeSessionIdAuthenticationStrategy (1/1)
2026-08-21T20:52:04.653+03:00 TRACE 7284 --- [library] [nio-5050-exec-1] o.s.security.web.FilterChainProxy        : Invoking ExceptionTranslationFilter (11/12)
2026-08-21T20:52:04.654+03:00 TRACE 7284 --- [library] [nio-5050-exec-1] o.s.security.web.FilterChainProxy        : Invoking AuthorizationFilter (12/12)
2026-08-21T20:52:04.654+03:00 TRACE 7284 --- [library] [nio-5050-exec-1] estMatcherDelegatingAuthorizationManager : Authorizing GET /api/books
2026-08-21T20:52:04.655+03:00 TRACE 7284 --- [library] [nio-5050-exec-1] estMatcherDelegatingAuthorizationManager : Checking authorization on GET /api/books using org.springframework.security.authorization.AuthenticatedAuthorizationManager@7b7ecddb
2026-08-21T20:52:04.655+03:00 DEBUG 7284 --- [library] [nio-5050-exec-1] o.s.security.web.FilterChainProxy        : Secured GET /api/books
Hibernate: select u1_0.id,u1_0.email,u1_0.name,u1_0.password,u1_0.role from users u1_0 where u1_0.id=?
Hibernate: select b1_0.id,b1_0.available_copies,b1_0.category_id,b1_0.description,b1_0.title from books b1_0
Hibernate: select c1_0.id,c1_0.name from categories c1_0 where c1_0.id=?
Hibernate: select a1_0.book_id,a1_1.id,a1_1.name from book_authors a1_0 join authors a1_1 on a1_1.id=a1_0.author_id where a1_0.book_id=?
Hibernate: select a1_0.book_id,a1_1.id,a1_1.name from book_authors a1_0 join authors a1_1 on a1_1.id=a1_0.author_id where a1_0.book_id=?
2026-08-21T20:52:04.672+03:00 TRACE 7284 --- [library] [io-5050-exec-10] o.s.s.w.header.writers.HstsHeaderWriter  : Not injecting HSTS header since it did not match request to [Is Secure]
2026-08-21T20:52:04.681+03:00 TRACE 7284 --- [library] [nio-5050-exec-1] o.s.s.w.header.writers.HstsHeaderWriter  : Not injecting HSTS header since it did not match request to [Is Secure]
2026-08-21T20:52:09.743+03:00 TRACE 7284 --- [library] [nio-5050-exec-2] o.s.security.web.FilterChainProxy        : Trying to match request against DefaultSecurityFilterChain defined as 'securityFilterChain' in [class path resource [org/library/security/SecurityConfig.class]] matching [any request] and having filters [DisableEncodeUrl, WebAsyncManagerIntegration, SecurityContextHolder, HeaderWriter, Logout, JwtAuth, RequestCacheAware, SecurityContextHolderAwareRequest, AnonymousAuthentication, SessionManagement, ExceptionTranslation, Authorization] (1/1)
2026-08-21T20:52:09.744+03:00 DEBUG 7284 --- [library] [nio-5050-exec-2] o.s.security.web.FilterChainProxy        : Securing GET /api/borrow
2026-08-21T20:52:09.744+03:00 TRACE 7284 --- [library] [nio-5050-exec-2] o.s.security.web.FilterChainProxy        : Invoking DisableEncodeUrlFilter (1/12)
2026-08-21T20:52:09.745+03:00 TRACE 7284 --- [library] [nio-5050-exec-2] o.s.security.web.FilterChainProxy        : Invoking WebAsyncManagerIntegrationFilter (2/12)
2026-08-21T20:52:09.745+03:00 TRACE 7284 --- [library] [nio-5050-exec-2] o.s.security.web.FilterChainProxy        : Invoking SecurityContextHolderFilter (3/12)
2026-08-21T20:52:09.745+03:00 TRACE 7284 --- [library] [nio-5050-exec-2] o.s.security.web.FilterChainProxy        : Invoking HeaderWriterFilter (4/12)
2026-08-21T20:52:09.746+03:00 TRACE 7284 --- [library] [nio-5050-exec-2] o.s.security.web.FilterChainProxy        : Invoking LogoutFilter (5/12)
2026-08-21T20:52:09.746+03:00 TRACE 7284 --- [library] [nio-5050-exec-2] o.s.s.w.a.logout.LogoutFilter            : Did not match request to Or [PathPattern [GET /logout], PathPattern [POST /logout], PathPattern [PUT /logout], PathPattern [DELETE /logout]]
2026-08-21T20:52:09.747+03:00 TRACE 7284 --- [library] [nio-5050-exec-2] o.s.security.web.FilterChainProxy        : Invoking JwtAuthFilter (6/12)
2026-08-21T20:52:09.749+03:00 TRACE 7284 --- [library] [nio-5050-exec-2] .s.s.w.c.SupplierDeferredSecurityContext : Created SecurityContextImpl [Null authentication]
Hibernate: select u1_0.id,u1_0.email,u1_0.name,u1_0.password,u1_0.role from users u1_0 where u1_0.email=?
2026-08-21T20:52:09.764+03:00 TRACE 7284 --- [library] [nio-5050-exec-2] o.s.security.web.FilterChainProxy        : Invoking RequestCacheAwareFilter (7/12)
2026-08-21T20:52:09.764+03:00 TRACE 7284 --- [library] [nio-5050-exec-2] o.s.security.web.FilterChainProxy        : Invoking SecurityContextHolderAwareRequestFilter (8/12)
2026-08-21T20:52:09.765+03:00 TRACE 7284 --- [library] [nio-5050-exec-2] o.s.security.web.FilterChainProxy        : Invoking AnonymousAuthenticationFilter (9/12)
2026-08-21T20:52:09.765+03:00 TRACE 7284 --- [library] [nio-5050-exec-2] o.s.security.web.FilterChainProxy        : Invoking SessionManagementFilter (10/12)
2026-08-21T20:52:09.766+03:00 TRACE 7284 --- [library] [nio-5050-exec-2] o.s.s.w.a.AnonymousAuthenticationFilter  : Did not set SecurityContextHolder since already authenticated UsernamePasswordAuthenticationToken [Principal=User(id=13, name=Test User, email=test@example.com, password=$2a$10$/E99rsKfKX2o118lTpIPP.y/mU88iht6TNzF3rg8wHTNy9gwE6MiO, role=ADMIN), Credentials=[PROTECTED], Authenticated=true, Details=WebAuthenticationDetails [RemoteIpAddress=0:0:0:0:0:0:0:1, SessionId=null], Granted Authorities=[Role_ADMIN]]
2026-08-21T20:52:09.766+03:00 TRACE 7284 --- [library] [nio-5050-exec-2] s.CompositeSessionAuthenticationStrategy : Preparing session with ChangeSessionIdAuthenticationStrategy (1/1)
2026-08-21T20:52:09.767+03:00 TRACE 7284 --- [library] [nio-5050-exec-2] o.s.security.web.FilterChainProxy        : Invoking ExceptionTranslationFilter (11/12)
2026-08-21T20:52:09.767+03:00 TRACE 7284 --- [library] [nio-5050-exec-2] o.s.security.web.FilterChainProxy        : Invoking AuthorizationFilter (12/12)
2026-08-21T20:52:09.767+03:00 TRACE 7284 --- [library] [nio-5050-exec-2] estMatcherDelegatingAuthorizationManager : Authorizing GET /api/borrow
2026-08-21T20:52:09.768+03:00 TRACE 7284 --- [library] [nio-5050-exec-2] estMatcherDelegatingAuthorizationManager : Checking authorization on GET /api/borrow using org.springframework.security.authorization.AuthenticatedAuthorizationManager@7b7ecddb
2026-08-21T20:52:09.769+03:00 DEBUG 7284 --- [library] [nio-5050-exec-2] o.s.security.web.FilterChainProxy        : Secured GET /api/borrow
Hibernate: select br1_0.id,br1_0.book_id,br1_0.borrow_date,br1_0.due_date,br1_0.return_date,br1_0.user_id from borrow_records br1_0
Hibernate: select b1_0.id,b1_0.available_copies,b1_0.category_id,c1_0.id,c1_0.name,b1_0.description,b1_0.title from books b1_0 join categories c1_0 on c1_0.id=b1_0.category_id where b1_0.id=?
Hibernate: select u1_0.id,u1_0.email,u1_0.name,u1_0.password,u1_0.role from users u1_0 where u1_0.id=?
2026-08-21T20:52:09.789+03:00 TRACE 7284 --- [library] [nio-5050-exec-4] o.s.security.web.FilterChainProxy        : Trying to match request against DefaultSecurityFilterChain defined as 'securityFilterChain' in [class path resource [org/library/security/SecurityConfig.class]] matching [any request] and having filters [DisableEncodeUrl, WebAsyncManagerIntegration, SecurityContextHolder, HeaderWriter, Logout, JwtAuth, RequestCacheAware, SecurityContextHolderAwareRequest, AnonymousAuthentication, SessionManagement, ExceptionTranslation, Authorization] (1/1)
2026-08-21T20:52:09.789+03:00 DEBUG 7284 --- [library] [nio-5050-exec-4] o.s.security.web.FilterChainProxy        : Securing GET /api/books
2026-08-21T20:52:09.790+03:00 TRACE 7284 --- [library] [nio-5050-exec-4] o.s.security.web.FilterChainProxy        : Invoking DisableEncodeUrlFilter (1/12)
2026-08-21T20:52:09.790+03:00 TRACE 7284 --- [library] [nio-5050-exec-4] o.s.security.web.FilterChainProxy        : Invoking WebAsyncManagerIntegrationFilter (2/12)
Hibernate: select a1_0.book_id,a1_1.id,a1_1.name from book_authors a1_0 join authors a1_1 on a1_1.id=a1_0.author_id where a1_0.book_id=?
2026-08-21T20:52:09.791+03:00 TRACE 7284 --- [library] [nio-5050-exec-4] o.s.security.web.FilterChainProxy        : Invoking SecurityContextHolderFilter (3/12)
2026-08-21T20:52:09.792+03:00 TRACE 7284 --- [library] [nio-5050-exec-4] o.s.security.web.FilterChainProxy        : Invoking HeaderWriterFilter (4/12)
2026-08-21T20:52:09.792+03:00 TRACE 7284 --- [library] [nio-5050-exec-4] o.s.security.web.FilterChainProxy        : Invoking LogoutFilter (5/12)
2026-08-21T20:52:09.793+03:00 TRACE 7284 --- [library] [nio-5050-exec-4] o.s.s.w.a.logout.LogoutFilter            : Did not match request to Or [PathPattern [GET /logout], PathPattern [POST /logout], PathPattern [PUT /logout], PathPattern [DELETE /logout]]
2026-08-21T20:52:09.793+03:00 TRACE 7284 --- [library] [nio-5050-exec-4] o.s.security.web.FilterChainProxy        : Invoking JwtAuthFilter (6/12)
2026-08-21T20:52:09.795+03:00 TRACE 7284 --- [library] [nio-5050-exec-4] .s.s.w.c.SupplierDeferredSecurityContext : Created SecurityContextImpl [Null authentication]
2026-08-21T20:52:09.796+03:00 TRACE 7284 --- [library] [nio-5050-exec-2] o.s.s.w.header.writers.HstsHeaderWriter  : Not injecting HSTS header since it did not match request to [Is Secure]
Hibernate: select u1_0.id,u1_0.email,u1_0.name,u1_0.password,u1_0.role from users u1_0 where u1_0.email=?
2026-08-21T20:52:09.808+03:00 TRACE 7284 --- [library] [nio-5050-exec-6] o.s.security.web.FilterChainProxy        : Trying to match request against DefaultSecurityFilterChain defined as 'securityFilterChain' in [class path resource [org/library/security/SecurityConfig.class]] matching [any request] and having filters [DisableEncodeUrl, WebAsyncManagerIntegration, SecurityContextHolder, HeaderWriter, Logout, JwtAuth, RequestCacheAware, SecurityContextHolderAwareRequest, AnonymousAuthentication, SessionManagement, ExceptionTranslation, Authorization] (1/1)
2026-08-21T20:52:09.809+03:00 DEBUG 7284 --- [library] [nio-5050-exec-6] o.s.security.web.FilterChainProxy        : Securing GET /api/health
2026-08-21T20:52:09.809+03:00 TRACE 7284 --- [library] [nio-5050-exec-4] o.s.security.web.FilterChainProxy        : Invoking RequestCacheAwareFilter (7/12)
2026-08-21T20:52:09.809+03:00 TRACE 7284 --- [library] [nio-5050-exec-6] o.s.security.web.FilterChainProxy        : Invoking DisableEncodeUrlFilter (1/12)
2026-08-21T20:52:09.809+03:00 TRACE 7284 --- [library] [nio-5050-exec-4] o.s.security.web.FilterChainProxy        : Invoking SecurityContextHolderAwareRequestFilter (8/12)
2026-08-21T20:52:09.810+03:00 TRACE 7284 --- [library] [nio-5050-exec-6] o.s.security.web.FilterChainProxy        : Invoking WebAsyncManagerIntegrationFilter (2/12)
2026-08-21T20:52:09.810+03:00 TRACE 7284 --- [library] [nio-5050-exec-4] o.s.security.web.FilterChainProxy        : Invoking AnonymousAuthenticationFilter (9/12)
2026-08-21T20:52:09.810+03:00 TRACE 7284 --- [library] [nio-5050-exec-6] o.s.security.web.FilterChainProxy        : Invoking SecurityContextHolderFilter (3/12)
2026-08-21T20:52:09.810+03:00 TRACE 7284 --- [library] [nio-5050-exec-4] o.s.security.web.FilterChainProxy        : Invoking SessionManagementFilter (10/12)
2026-08-21T20:52:09.811+03:00 TRACE 7284 --- [library] [nio-5050-exec-6] o.s.security.web.FilterChainProxy        : Invoking HeaderWriterFilter (4/12)
2026-08-21T20:52:09.811+03:00 TRACE 7284 --- [library] [nio-5050-exec-4] o.s.s.w.a.AnonymousAuthenticationFilter  : Did not set SecurityContextHolder since already authenticated UsernamePasswordAuthenticationToken [Principal=User(id=13, name=Test User, email=test@example.com, password=$2a$10$/E99rsKfKX2o118lTpIPP.y/mU88iht6TNzF3rg8wHTNy9gwE6MiO, role=ADMIN), Credentials=[PROTECTED], Authenticated=true, Details=WebAuthenticationDetails [RemoteIpAddress=0:0:0:0:0:0:0:1, SessionId=null], Granted Authorities=[Role_ADMIN]]
2026-08-21T20:52:09.811+03:00 TRACE 7284 --- [library] [nio-5050-exec-6] o.s.security.web.FilterChainProxy        : Invoking LogoutFilter (5/12)
2026-08-21T20:52:09.812+03:00 TRACE 7284 --- [library] [nio-5050-exec-4] s.CompositeSessionAuthenticationStrategy : Preparing session with ChangeSessionIdAuthenticationStrategy (1/1)
2026-08-21T20:52:09.812+03:00 TRACE 7284 --- [library] [nio-5050-exec-6] o.s.s.w.a.logout.LogoutFilter            : Did not match request to Or [PathPattern [GET /logout], PathPattern [POST /logout], PathPattern [PUT /logout], PathPattern [DELETE /logout]]
2026-08-21T20:52:09.812+03:00 TRACE 7284 --- [library] [nio-5050-exec-4] o.s.security.web.FilterChainProxy        : Invoking ExceptionTranslationFilter (11/12)
2026-08-21T20:52:09.812+03:00 TRACE 7284 --- [library] [nio-5050-exec-6] o.s.security.web.FilterChainProxy        : Invoking JwtAuthFilter (6/12)
2026-08-21T20:52:09.813+03:00 TRACE 7284 --- [library] [nio-5050-exec-4] o.s.security.web.FilterChainProxy        : Invoking AuthorizationFilter (12/12)
2026-08-21T20:52:09.813+03:00 TRACE 7284 --- [library] [nio-5050-exec-6] o.s.security.web.FilterChainProxy        : Invoking RequestCacheAwareFilter (7/12)
2026-08-21T20:52:09.814+03:00 TRACE 7284 --- [library] [nio-5050-exec-4] estMatcherDelegatingAuthorizationManager : Authorizing GET /api/books
2026-08-21T20:52:09.814+03:00 TRACE 7284 --- [library] [nio-5050-exec-6] o.s.security.web.FilterChainProxy        : Invoking SecurityContextHolderAwareRequestFilter (8/12)
2026-08-21T20:52:09.814+03:00 TRACE 7284 --- [library] [nio-5050-exec-4] estMatcherDelegatingAuthorizationManager : Checking authorization on GET /api/books using org.springframework.security.authorization.AuthenticatedAuthorizationManager@7b7ecddb
2026-08-21T20:52:09.814+03:00 TRACE 7284 --- [library] [nio-5050-exec-6] o.s.security.web.FilterChainProxy        : Invoking AnonymousAuthenticationFilter (9/12)
2026-08-21T20:52:09.815+03:00 DEBUG 7284 --- [library] [nio-5050-exec-4] o.s.security.web.FilterChainProxy        : Secured GET /api/books
2026-08-21T20:52:09.815+03:00 TRACE 7284 --- [library] [nio-5050-exec-6] o.s.security.web.FilterChainProxy        : Invoking SessionManagementFilter (10/12)
2026-08-21T20:52:09.816+03:00 TRACE 7284 --- [library] [nio-5050-exec-6] .s.s.w.c.SupplierDeferredSecurityContext : Created SecurityContextImpl [Null authentication]
2026-08-21T20:52:09.816+03:00 TRACE 7284 --- [library] [nio-5050-exec-6] o.s.s.w.a.AnonymousAuthenticationFilter  : Set SecurityContextHolder to AnonymousAuthenticationToken [Principal=anonymousUser, Credentials=[PROTECTED], Authenticated=true, Details=WebAuthenticationDetails [RemoteIpAddress=0:0:0:0:0:0:0:1, SessionId=null], Granted Authorities=[ROLE_ANONYMOUS]]
2026-08-21T20:52:09.817+03:00 TRACE 7284 --- [library] [nio-5050-exec-6] o.s.security.web.FilterChainProxy        : Invoking ExceptionTranslationFilter (11/12)
2026-08-21T20:52:09.817+03:00 TRACE 7284 --- [library] [nio-5050-exec-6] o.s.security.web.FilterChainProxy        : Invoking AuthorizationFilter (12/12)
2026-08-21T20:52:09.818+03:00 TRACE 7284 --- [library] [nio-5050-exec-6] estMatcherDelegatingAuthorizationManager : Authorizing GET /api/health
2026-08-21T20:52:09.818+03:00 TRACE 7284 --- [library] [nio-5050-exec-6] estMatcherDelegatingAuthorizationManager : Checking authorization on GET /api/health using org.springframework.security.authorization.SingleResultAuthorizationManager@4420bcf
2026-08-21T20:52:09.818+03:00 DEBUG 7284 --- [library] [nio-5050-exec-6] o.s.security.web.FilterChainProxy        : Secured GET /api/health
Hibernate: select b1_0.id,b1_0.available_copies,b1_0.category_id,b1_0.description,b1_0.title from books b1_0
2026-08-21T20:52:09.821+03:00 TRACE 7284 --- [library] [nio-5050-exec-6] o.s.s.w.header.writers.HstsHeaderWriter  : Not injecting HSTS header since it did not match request to [Is Secure]
Hibernate: select c1_0.id,c1_0.name from categories c1_0 where c1_0.id=?
Hibernate: select a1_0.book_id,a1_1.id,a1_1.name from book_authors a1_0 join authors a1_1 on a1_1.id=a1_0.author_id where a1_0.book_id=?
2026-08-21T20:52:09.843+03:00 TRACE 7284 --- [library] [nio-5050-exec-4] o.s.s.w.header.writers.HstsHeaderWriter  : Not injecting HSTS header since it did not match request to [Is Secure]
2026-08-21T20:53:04.486+03:00 TRACE 7284 --- [library] [nio-5050-exec-7] o.s.security.web.FilterChainProxy        : Trying to match request against DefaultSecurityFilterChain defined as 'securityFilterChain' in [class path resource [org/library/security/SecurityConfig.class]] matching [any request] and having filters [DisableEncodeUrl, WebAsyncManagerIntegration, SecurityContextHolder, HeaderWriter, Logout, JwtAuth, RequestCacheAware, SecurityContextHolderAwareRequest, AnonymousAuthentication, SessionManagement, ExceptionTranslation, Authorization] (1/1)
2026-08-21T20:53:04.487+03:00 DEBUG 7284 --- [library] [nio-5050-exec-7] o.s.security.web.FilterChainProxy        : Securing GET /api/books
2026-08-21T20:53:04.487+03:00 TRACE 7284 --- [library] [nio-5050-exec-7] o.s.security.web.FilterChainProxy        : Invoking DisableEncodeUrlFilter (1/12)
2026-08-21T20:53:04.487+03:00 TRACE 7284 --- [library] [nio-5050-exec-7] o.s.security.web.FilterChainProxy        : Invoking WebAsyncManagerIntegrationFilter (2/12)
2026-08-21T20:53:04.488+03:00 TRACE 7284 --- [library] [nio-5050-exec-7] o.s.security.web.FilterChainProxy        : Invoking SecurityContextHolderFilter (3/12)
2026-08-21T20:53:04.488+03:00 TRACE 7284 --- [library] [nio-5050-exec-7] o.s.security.web.FilterChainProxy        : Invoking HeaderWriterFilter (4/12)
2026-08-21T20:53:04.488+03:00 TRACE 7284 --- [library] [nio-5050-exec-7] o.s.security.web.FilterChainProxy        : Invoking LogoutFilter (5/12)
2026-08-21T20:53:04.489+03:00 TRACE 7284 --- [library] [nio-5050-exec-7] o.s.s.w.a.logout.LogoutFilter            : Did not match request to Or [PathPattern [GET /logout], PathPattern [POST /logout], PathPattern [PUT /logout], PathPattern [DELETE /logout]]
2026-08-21T20:53:04.486+03:00 TRACE 7284 --- [library] [nio-5050-exec-3] o.s.security.web.FilterChainProxy        : Trying to match request against DefaultSecurityFilterChain defined as 'securityFilterChain' in [class path resource [org/library/security/SecurityConfig.class]] matching [any request] and having filters [DisableEncodeUrl, WebAsyncManagerIntegration, SecurityContextHolder, HeaderWriter, Logout, JwtAuth, RequestCacheAware, SecurityContextHolderAwareRequest, AnonymousAuthentication, SessionManagement, ExceptionTranslation, Authorization] (1/1)
2026-08-21T20:53:04.490+03:00 TRACE 7284 --- [library] [nio-5050-exec-7] o.s.security.web.FilterChainProxy        : Invoking JwtAuthFilter (6/12)
2026-08-21T20:53:04.490+03:00 DEBUG 7284 --- [library] [nio-5050-exec-3] o.s.security.web.FilterChainProxy        : Securing GET /api/borrow
2026-08-21T20:53:04.491+03:00 TRACE 7284 --- [library] [nio-5050-exec-3] o.s.security.web.FilterChainProxy        : Invoking DisableEncodeUrlFilter (1/12)
2026-08-21T20:53:04.491+03:00 TRACE 7284 --- [library] [nio-5050-exec-3] o.s.security.web.FilterChainProxy        : Invoking WebAsyncManagerIntegrationFilter (2/12)
2026-08-21T20:53:04.491+03:00 TRACE 7284 --- [library] [nio-5050-exec-3] o.s.security.web.FilterChainProxy        : Invoking SecurityContextHolderFilter (3/12)
2026-08-21T20:53:04.492+03:00 TRACE 7284 --- [library] [nio-5050-exec-3] o.s.security.web.FilterChainProxy        : Invoking HeaderWriterFilter (4/12)
2026-08-21T20:53:04.492+03:00 TRACE 7284 --- [library] [nio-5050-exec-3] o.s.security.web.FilterChainProxy        : Invoking LogoutFilter (5/12)
2026-08-21T20:53:04.493+03:00 TRACE 7284 --- [library] [nio-5050-exec-7] .s.s.w.c.SupplierDeferredSecurityContext : Created SecurityContextImpl [Null authentication]
2026-08-21T20:53:04.493+03:00 TRACE 7284 --- [library] [nio-5050-exec-3] o.s.s.w.a.logout.LogoutFilter            : Did not match request to Or [PathPattern [GET /logout], PathPattern [POST /logout], PathPattern [PUT /logout], PathPattern [DELETE /logout]]
2026-08-21T20:53:04.494+03:00 TRACE 7284 --- [library] [nio-5050-exec-3] o.s.security.web.FilterChainProxy        : Invoking JwtAuthFilter (6/12)
2026-08-21T20:53:04.495+03:00 TRACE 7284 --- [library] [nio-5050-exec-3] .s.s.w.c.SupplierDeferredSecurityContext : Created SecurityContextImpl [Null authentication]
Hibernate: select u1_0.id,u1_0.email,u1_0.name,u1_0.password,u1_0.role from users u1_0 where u1_0.email=?
Hibernate: select u1_0.id,u1_0.email,u1_0.name,u1_0.password,u1_0.role from users u1_0 where u1_0.email=?
2026-08-21T20:53:04.612+03:00 TRACE 7284 --- [library] [nio-5050-exec-7] o.s.security.web.FilterChainProxy        : Invoking RequestCacheAwareFilter (7/12)
2026-08-21T20:53:04.613+03:00 TRACE 7284 --- [library] [nio-5050-exec-7] o.s.security.web.FilterChainProxy        : Invoking SecurityContextHolderAwareRequestFilter (8/12)
2026-08-21T20:53:04.613+03:00 TRACE 7284 --- [library] [nio-5050-exec-7] o.s.security.web.FilterChainProxy        : Invoking AnonymousAuthenticationFilter (9/12)
2026-08-21T20:53:04.614+03:00 TRACE 7284 --- [library] [nio-5050-exec-7] o.s.security.web.FilterChainProxy        : Invoking SessionManagementFilter (10/12)
2026-08-21T20:53:04.614+03:00 TRACE 7284 --- [library] [nio-5050-exec-7] o.s.s.w.a.AnonymousAuthenticationFilter  : Did not set SecurityContextHolder since already authenticated UsernamePasswordAuthenticationToken [Principal=User(id=13, name=Test User, email=test@example.com, password=$2a$10$/E99rsKfKX2o118lTpIPP.y/mU88iht6TNzF3rg8wHTNy9gwE6MiO, role=ADMIN), Credentials=[PROTECTED], Authenticated=true, Details=WebAuthenticationDetails [RemoteIpAddress=0:0:0:0:0:0:0:1, SessionId=null], Granted Authorities=[Role_ADMIN]]
2026-08-21T20:53:04.615+03:00 TRACE 7284 --- [library] [nio-5050-exec-7] s.CompositeSessionAuthenticationStrategy : Preparing session with ChangeSessionIdAuthenticationStrategy (1/1)
2026-08-21T20:53:04.615+03:00 TRACE 7284 --- [library] [nio-5050-exec-7] o.s.security.web.FilterChainProxy        : Invoking ExceptionTranslationFilter (11/12)
2026-08-21T20:53:04.616+03:00 TRACE 7284 --- [library] [nio-5050-exec-7] o.s.security.web.FilterChainProxy        : Invoking AuthorizationFilter (12/12)
2026-08-21T20:53:04.616+03:00 TRACE 7284 --- [library] [nio-5050-exec-7] estMatcherDelegatingAuthorizationManager : Authorizing GET /api/books
2026-08-21T20:53:04.616+03:00 TRACE 7284 --- [library] [nio-5050-exec-7] estMatcherDelegatingAuthorizationManager : Checking authorization on GET /api/books using org.springframework.security.authorization.AuthenticatedAuthorizationManager@7b7ecddb
2026-08-21T20:53:04.617+03:00 DEBUG 7284 --- [library] [nio-5050-exec-7] o.s.security.web.FilterChainProxy        : Secured GET /api/books
2026-08-21T20:53:04.621+03:00 TRACE 7284 --- [library] [nio-5050-exec-3] o.s.security.web.FilterChainProxy        : Invoking RequestCacheAwareFilter (7/12)
2026-08-21T20:53:04.622+03:00 TRACE 7284 --- [library] [nio-5050-exec-3] o.s.security.web.FilterChainProxy        : Invoking SecurityContextHolderAwareRequestFilter (8/12)
2026-08-21T20:53:04.623+03:00 TRACE 7284 --- [library] [nio-5050-exec-3] o.s.security.web.FilterChainProxy        : Invoking AnonymousAuthenticationFilter (9/12)
2026-08-21T20:53:04.623+03:00 TRACE 7284 --- [library] [nio-5050-exec-3] o.s.security.web.FilterChainProxy        : Invoking SessionManagementFilter (10/12)
2026-08-21T20:53:04.624+03:00 TRACE 7284 --- [library] [nio-5050-exec-3] o.s.s.w.a.AnonymousAuthenticationFilter  : Did not set SecurityContextHolder since already authenticated UsernamePasswordAuthenticationToken [Principal=User(id=13, name=Test User, email=test@example.com, password=$2a$10$/E99rsKfKX2o118lTpIPP.y/mU88iht6TNzF3rg8wHTNy9gwE6MiO, role=ADMIN), Credentials=[PROTECTED], Authenticated=true, Details=WebAuthenticationDetails [RemoteIpAddress=0:0:0:0:0:0:0:1, SessionId=null], Granted Authorities=[Role_ADMIN]]
2026-08-21T20:53:04.624+03:00 TRACE 7284 --- [library] [nio-5050-exec-3] s.CompositeSessionAuthenticationStrategy : Preparing session with ChangeSessionIdAuthenticationStrategy (1/1)
2026-08-21T20:53:04.625+03:00 TRACE 7284 --- [library] [nio-5050-exec-3] o.s.security.web.FilterChainProxy        : Invoking ExceptionTranslationFilter (11/12)
2026-08-21T20:53:04.625+03:00 TRACE 7284 --- [library] [nio-5050-exec-3] o.s.security.web.FilterChainProxy        : Invoking AuthorizationFilter (12/12)
2026-08-21T20:53:04.626+03:00 TRACE 7284 --- [library] [nio-5050-exec-3] estMatcherDelegatingAuthorizationManager : Authorizing GET /api/borrow
2026-08-21T20:53:04.627+03:00 TRACE 7284 --- [library] [nio-5050-exec-3] estMatcherDelegatingAuthorizationManager : Checking authorization on GET /api/borrow using org.springframework.security.authorization.AuthenticatedAuthorizationManager@7b7ecddb
2026-08-21T20:53:04.628+03:00 DEBUG 7284 --- [library] [nio-5050-exec-3] o.s.security.web.FilterChainProxy        : Secured GET /api/borrow
Hibernate: select b1_0.id,b1_0.available_copies,b1_0.category_id,b1_0.description,b1_0.title from books b1_0
Hibernate: select br1_0.id,br1_0.book_id,br1_0.borrow_date,br1_0.due_date,br1_0.return_date,br1_0.user_id from borrow_records br1_0
Hibernate: select c1_0.id,c1_0.name from categories c1_0 where c1_0.id=?
Hibernate: select b1_0.id,b1_0.available_copies,b1_0.category_id,c1_0.id,c1_0.name,b1_0.description,b1_0.title from books b1_0 join categories c1_0 on c1_0.id=b1_0.category_id where b1_0.id=?
Hibernate: select a1_0.book_id,a1_1.id,a1_1.name from book_authors a1_0 join authors a1_1 on a1_1.id=a1_0.author_id where a1_0.book_id=?
Hibernate: select u1_0.id,u1_0.email,u1_0.name,u1_0.password,u1_0.role from users u1_0 where u1_0.id=?
2026-08-21T20:53:04.672+03:00 TRACE 7284 --- [library] [nio-5050-exec-7] o.s.s.w.header.writers.HstsHeaderWriter  : Not injecting HSTS header since it did not match request to [Is Secure]
Hibernate: select a1_0.book_id,a1_1.id,a1_1.name from book_authors a1_0 join authors a1_1 on a1_1.id=a1_0.author_id where a1_0.book_id=?
2026-08-21T20:53:04.693+03:00 TRACE 7284 --- [library] [nio-5050-exec-3] o.s.s.w.header.writers.HstsHeaderWriter  : Not injecting HSTS header since it did not match request to [Is Secure]
2026-08-21T20:53:21.187+03:00 TRACE 7284 --- [library] [nio-5050-exec-9] o.s.security.web.FilterChainProxy        : Trying to match request against DefaultSecurityFilterChain defined as 'securityFilterChain' in [class path resource [org/library/security/SecurityConfig.class]] matching [any request] and having filters [DisableEncodeUrl, WebAsyncManagerIntegration, SecurityContextHolder, HeaderWriter, Logout, JwtAuth, RequestCacheAware, SecurityContextHolderAwareRequest, AnonymousAuthentication, SessionManagement, ExceptionTranslation, Authorization] (1/1)
2026-08-21T20:53:21.187+03:00 DEBUG 7284 --- [library] [nio-5050-exec-9] o.s.security.web.FilterChainProxy        : Securing POST /api/borrow/1
2026-08-21T20:53:21.188+03:00 TRACE 7284 --- [library] [nio-5050-exec-9] o.s.security.web.FilterChainProxy        : Invoking DisableEncodeUrlFilter (1/12)
2026-08-21T20:53:21.188+03:00 TRACE 7284 --- [library] [nio-5050-exec-9] o.s.security.web.FilterChainProxy        : Invoking WebAsyncManagerIntegrationFilter (2/12)
2026-08-21T20:53:21.188+03:00 TRACE 7284 --- [library] [nio-5050-exec-9] o.s.security.web.FilterChainProxy        : Invoking SecurityContextHolderFilter (3/12)
2026-08-21T20:53:21.189+03:00 TRACE 7284 --- [library] [nio-5050-exec-9] o.s.security.web.FilterChainProxy        : Invoking HeaderWriterFilter (4/12)
2026-08-21T20:53:21.189+03:00 TRACE 7284 --- [library] [nio-5050-exec-9] o.s.security.web.FilterChainProxy        : Invoking LogoutFilter (5/12)
2026-08-21T20:53:21.190+03:00 TRACE 7284 --- [library] [nio-5050-exec-9] o.s.s.w.a.logout.LogoutFilter            : Did not match request to Or [PathPattern [GET /logout], PathPattern [POST /logout], PathPattern [PUT /logout], PathPattern [DELETE /logout]]
2026-08-21T20:53:21.190+03:00 TRACE 7284 --- [library] [nio-5050-exec-9] o.s.security.web.FilterChainProxy        : Invoking JwtAuthFilter (6/12)
2026-08-21T20:53:21.192+03:00 TRACE 7284 --- [library] [nio-5050-exec-9] .s.s.w.c.SupplierDeferredSecurityContext : Created SecurityContextImpl [Null authentication]
Hibernate: select u1_0.id,u1_0.email,u1_0.name,u1_0.password,u1_0.role from users u1_0 where u1_0.email=?
2026-08-21T20:53:21.255+03:00 TRACE 7284 --- [library] [nio-5050-exec-9] o.s.security.web.FilterChainProxy        : Invoking RequestCacheAwareFilter (7/12)
2026-08-21T20:53:21.256+03:00 TRACE 7284 --- [library] [nio-5050-exec-9] o.s.security.web.FilterChainProxy        : Invoking SecurityContextHolderAwareRequestFilter (8/12)
2026-08-21T20:53:21.257+03:00 TRACE 7284 --- [library] [nio-5050-exec-9] o.s.security.web.FilterChainProxy        : Invoking AnonymousAuthenticationFilter (9/12)
2026-08-21T20:53:21.257+03:00 TRACE 7284 --- [library] [nio-5050-exec-9] o.s.security.web.FilterChainProxy        : Invoking SessionManagementFilter (10/12)
2026-08-21T20:53:21.258+03:00 TRACE 7284 --- [library] [nio-5050-exec-9] o.s.s.w.a.AnonymousAuthenticationFilter  : Did not set SecurityContextHolder since already authenticated UsernamePasswordAuthenticationToken [Principal=User(id=13, name=Test User, email=test@example.com, password=$2a$10$/E99rsKfKX2o118lTpIPP.y/mU88iht6TNzF3rg8wHTNy9gwE6MiO, role=ADMIN), Credentials=[PROTECTED], Authenticated=true, Details=WebAuthenticationDetails [RemoteIpAddress=0:0:0:0:0:0:0:1, SessionId=null], Granted Authorities=[Role_ADMIN]]
2026-08-21T20:53:21.258+03:00 TRACE 7284 --- [library] [nio-5050-exec-9] s.CompositeSessionAuthenticationStrategy : Preparing session with ChangeSessionIdAuthenticationStrategy (1/1)
2026-08-21T20:53:21.259+03:00 TRACE 7284 --- [library] [nio-5050-exec-9] o.s.security.web.FilterChainProxy        : Invoking ExceptionTranslationFilter (11/12)
2026-08-21T20:53:21.259+03:00 TRACE 7284 --- [library] [nio-5050-exec-9] o.s.security.web.FilterChainProxy        : Invoking AuthorizationFilter (12/12)
2026-08-21T20:53:21.260+03:00 TRACE 7284 --- [library] [nio-5050-exec-9] estMatcherDelegatingAuthorizationManager : Authorizing POST /api/borrow/1
2026-08-21T20:53:21.260+03:00 TRACE 7284 --- [library] [nio-5050-exec-9] estMatcherDelegatingAuthorizationManager : Checking authorization on POST /api/borrow/1 using org.springframework.security.authorization.AuthenticatedAuthorizationManager@7b7ecddb
2026-08-21T20:53:21.260+03:00 DEBUG 7284 --- [library] [nio-5050-exec-9] o.s.security.web.FilterChainProxy        : Secured POST /api/borrow/1
Hibernate: select b1_0.id,b1_0.available_copies,b1_0.category_id,c1_0.id,c1_0.name,b1_0.description,b1_0.title from books b1_0 join categories c1_0 on c1_0.id=b1_0.category_id where b1_0.id=?
Hibernate: insert into borrow_records (book_id,borrow_date,due_date,return_date,user_id) values (?,?,?,?,?)
Hibernate: select a1_0.book_id,a1_1.id,a1_1.name from book_authors a1_0 join authors a1_1 on a1_1.id=a1_0.author_id where a1_0.book_id=?
Hibernate: update books set available_copies=?,category_id=?,description=?,title=? where id=?
2026-08-21T20:53:21.425+03:00 TRACE 7284 --- [library] [nio-5050-exec-9] o.s.s.w.header.writers.HstsHeaderWriter  : Not injecting HSTS header since it did not match request to [Is Secure]
2026-08-21T20:53:21.457+03:00 TRACE 7284 --- [library] [nio-5050-exec-8] o.s.security.web.FilterChainProxy        : Trying to match request against DefaultSecurityFilterChain defined as 'securityFilterChain' in [class path resource [org/library/security/SecurityConfig.class]] matching [any request] and having filters [DisableEncodeUrl, WebAsyncManagerIntegration, SecurityContextHolder, HeaderWriter, Logout, JwtAuth, RequestCacheAware, SecurityContextHolderAwareRequest, AnonymousAuthentication, SessionManagement, ExceptionTranslation, Authorization] (1/1)
2026-08-21T20:53:21.457+03:00 DEBUG 7284 --- [library] [nio-5050-exec-8] o.s.security.web.FilterChainProxy        : Securing GET /api/borrow
2026-08-21T20:53:21.457+03:00 TRACE 7284 --- [library] [nio-5050-exec-5] o.s.security.web.FilterChainProxy        : Trying to match request against DefaultSecurityFilterChain defined as 'securityFilterChain' in [class path resource [org/library/security/SecurityConfig.class]] matching [any request] and having filters [DisableEncodeUrl, WebAsyncManagerIntegration, SecurityContextHolder, HeaderWriter, Logout, JwtAuth, RequestCacheAware, SecurityContextHolderAwareRequest, AnonymousAuthentication, SessionManagement, ExceptionTranslation, Authorization] (1/1)
2026-08-21T20:53:21.457+03:00 TRACE 7284 --- [library] [nio-5050-exec-8] o.s.security.web.FilterChainProxy        : Invoking DisableEncodeUrlFilter (1/12)
2026-08-21T20:53:21.458+03:00 DEBUG 7284 --- [library] [nio-5050-exec-5] o.s.security.web.FilterChainProxy        : Securing GET /api/books
2026-08-21T20:53:21.458+03:00 TRACE 7284 --- [library] [nio-5050-exec-8] o.s.security.web.FilterChainProxy        : Invoking WebAsyncManagerIntegrationFilter (2/12)
2026-08-21T20:53:21.458+03:00 TRACE 7284 --- [library] [nio-5050-exec-5] o.s.security.web.FilterChainProxy        : Invoking DisableEncodeUrlFilter (1/12)
2026-08-21T20:53:21.459+03:00 TRACE 7284 --- [library] [nio-5050-exec-8] o.s.security.web.FilterChainProxy        : Invoking SecurityContextHolderFilter (3/12)
2026-08-21T20:53:21.459+03:00 TRACE 7284 --- [library] [nio-5050-exec-5] o.s.security.web.FilterChainProxy        : Invoking WebAsyncManagerIntegrationFilter (2/12)
2026-08-21T20:53:21.459+03:00 TRACE 7284 --- [library] [nio-5050-exec-8] o.s.security.web.FilterChainProxy        : Invoking HeaderWriterFilter (4/12)
2026-08-21T20:53:21.459+03:00 TRACE 7284 --- [library] [nio-5050-exec-5] o.s.security.web.FilterChainProxy        : Invoking SecurityContextHolderFilter (3/12)
2026-08-21T20:53:21.460+03:00 TRACE 7284 --- [library] [nio-5050-exec-8] o.s.security.web.FilterChainProxy        : Invoking LogoutFilter (5/12)
2026-08-21T20:53:21.460+03:00 TRACE 7284 --- [library] [nio-5050-exec-5] o.s.security.web.FilterChainProxy        : Invoking HeaderWriterFilter (4/12)
2026-08-21T20:53:21.460+03:00 TRACE 7284 --- [library] [nio-5050-exec-8] o.s.s.w.a.logout.LogoutFilter            : Did not match request to Or [PathPattern [GET /logout], PathPattern [POST /logout], PathPattern [PUT /logout], PathPattern [DELETE /logout]]
2026-08-21T20:53:21.460+03:00 TRACE 7284 --- [library] [nio-5050-exec-5] o.s.security.web.FilterChainProxy        : Invoking LogoutFilter (5/12)
2026-08-21T20:53:21.461+03:00 TRACE 7284 --- [library] [nio-5050-exec-5] o.s.s.w.a.logout.LogoutFilter            : Did not match request to Or [PathPattern [GET /logout], PathPattern [POST /logout], PathPattern [PUT /logout], PathPattern [DELETE /logout]]
2026-08-21T20:53:21.463+03:00 TRACE 7284 --- [library] [nio-5050-exec-5] o.s.security.web.FilterChainProxy        : Invoking JwtAuthFilter (6/12)
2026-08-21T20:53:21.461+03:00 TRACE 7284 --- [library] [nio-5050-exec-8] o.s.security.web.FilterChainProxy        : Invoking JwtAuthFilter (6/12)
2026-08-21T20:53:21.467+03:00 TRACE 7284 --- [library] [nio-5050-exec-5] .s.s.w.c.SupplierDeferredSecurityContext : Created SecurityContextImpl [Null authentication]
2026-08-21T20:53:21.467+03:00 TRACE 7284 --- [library] [nio-5050-exec-8] .s.s.w.c.SupplierDeferredSecurityContext : Created SecurityContextImpl [Null authentication]
Hibernate: select u1_0.id,u1_0.email,u1_0.name,u1_0.password,u1_0.role from users u1_0 where u1_0.email=?
Hibernate: select u1_0.id,u1_0.email,u1_0.name,u1_0.password,u1_0.role from users u1_0 where u1_0.email=?
2026-08-21T20:53:21.484+03:00 TRACE 7284 --- [library] [nio-5050-exec-8] o.s.security.web.FilterChainProxy        : Invoking RequestCacheAwareFilter (7/12)
2026-08-21T20:53:21.485+03:00 TRACE 7284 --- [library] [nio-5050-exec-8] o.s.security.web.FilterChainProxy        : Invoking SecurityContextHolderAwareRequestFilter (8/12)
2026-08-21T20:53:21.485+03:00 TRACE 7284 --- [library] [nio-5050-exec-8] o.s.security.web.FilterChainProxy        : Invoking AnonymousAuthenticationFilter (9/12)
2026-08-21T20:53:21.486+03:00 TRACE 7284 --- [library] [nio-5050-exec-8] o.s.security.web.FilterChainProxy        : Invoking SessionManagementFilter (10/12)
2026-08-21T20:53:21.486+03:00 TRACE 7284 --- [library] [nio-5050-exec-8] o.s.s.w.a.AnonymousAuthenticationFilter  : Did not set SecurityContextHolder since already authenticated UsernamePasswordAuthenticationToken [Principal=User(id=13, name=Test User, email=test@example.com, password=$2a$10$/E99rsKfKX2o118lTpIPP.y/mU88iht6TNzF3rg8wHTNy9gwE6MiO, role=ADMIN), Credentials=[PROTECTED], Authenticated=true, Details=WebAuthenticationDetails [RemoteIpAddress=0:0:0:0:0:0:0:1, SessionId=null], Granted Authorities=[Role_ADMIN]]
2026-08-21T20:53:21.487+03:00 TRACE 7284 --- [library] [nio-5050-exec-8] s.CompositeSessionAuthenticationStrategy : Preparing session with ChangeSessionIdAuthenticationStrategy (1/1)
2026-08-21T20:53:21.487+03:00 TRACE 7284 --- [library] [nio-5050-exec-8] o.s.security.web.FilterChainProxy        : Invoking ExceptionTranslationFilter (11/12)
2026-08-21T20:53:21.488+03:00 TRACE 7284 --- [library] [nio-5050-exec-8] o.s.security.web.FilterChainProxy        : Invoking AuthorizationFilter (12/12)
2026-08-21T20:53:21.488+03:00 TRACE 7284 --- [library] [nio-5050-exec-8] estMatcherDelegatingAuthorizationManager : Authorizing GET /api/borrow
2026-08-21T20:53:21.489+03:00 TRACE 7284 --- [library] [nio-5050-exec-8] estMatcherDelegatingAuthorizationManager : Checking authorization on GET /api/borrow using org.springframework.security.authorization.AuthenticatedAuthorizationManager@7b7ecddb
2026-08-21T20:53:21.489+03:00 DEBUG 7284 --- [library] [nio-5050-exec-8] o.s.security.web.FilterChainProxy        : Secured GET /api/borrow
Hibernate: select br1_0.id,br1_0.book_id,br1_0.borrow_date,br1_0.due_date,br1_0.return_date,br1_0.user_id from borrow_records br1_0
2026-08-21T20:53:21.503+03:00 TRACE 7284 --- [library] [nio-5050-exec-5] o.s.security.web.FilterChainProxy        : Invoking RequestCacheAwareFilter (7/12)
2026-08-21T20:53:21.504+03:00 TRACE 7284 --- [library] [nio-5050-exec-5] o.s.security.web.FilterChainProxy        : Invoking SecurityContextHolderAwareRequestFilter (8/12)
2026-08-21T20:53:21.504+03:00 TRACE 7284 --- [library] [nio-5050-exec-5] o.s.security.web.FilterChainProxy        : Invoking AnonymousAuthenticationFilter (9/12)
2026-08-21T20:53:21.505+03:00 TRACE 7284 --- [library] [nio-5050-exec-5] o.s.security.web.FilterChainProxy        : Invoking SessionManagementFilter (10/12)
2026-08-21T20:53:21.505+03:00 TRACE 7284 --- [library] [nio-5050-exec-5] o.s.s.w.a.AnonymousAuthenticationFilter  : Did not set SecurityContextHolder since already authenticated UsernamePasswordAuthenticationToken [Principal=User(id=13, name=Test User, email=test@example.com, password=$2a$10$/E99rsKfKX2o118lTpIPP.y/mU88iht6TNzF3rg8wHTNy9gwE6MiO, role=ADMIN), Credentials=[PROTECTED], Authenticated=true, Details=WebAuthenticationDetails [RemoteIpAddress=0:0:0:0:0:0:0:1, SessionId=null], Granted Authorities=[Role_ADMIN]]
2026-08-21T20:53:21.506+03:00 TRACE 7284 --- [library] [nio-5050-exec-5] s.CompositeSessionAuthenticationStrategy : Preparing session with ChangeSessionIdAuthenticationStrategy (1/1)
2026-08-21T20:53:21.506+03:00 TRACE 7284 --- [library] [nio-5050-exec-5] o.s.security.web.FilterChainProxy        : Invoking ExceptionTranslationFilter (11/12)
2026-08-21T20:53:21.506+03:00 TRACE 7284 --- [library] [nio-5050-exec-5] o.s.security.web.FilterChainProxy        : Invoking AuthorizationFilter (12/12)
2026-08-21T20:53:21.507+03:00 TRACE 7284 --- [library] [nio-5050-exec-5] estMatcherDelegatingAuthorizationManager : Authorizing GET /api/books
2026-08-21T20:53:21.507+03:00 TRACE 7284 --- [library] [nio-5050-exec-5] estMatcherDelegatingAuthorizationManager : Checking authorization on GET /api/books using org.springframework.security.authorization.AuthenticatedAuthorizationManager@7b7ecddb
2026-08-21T20:53:21.508+03:00 DEBUG 7284 --- [library] [nio-5050-exec-5] o.s.security.web.FilterChainProxy        : Secured GET /api/books
Hibernate: select b1_0.id,b1_0.available_copies,b1_0.category_id,c1_0.id,c1_0.name,b1_0.description,b1_0.title from books b1_0 join categories c1_0 on c1_0.id=b1_0.category_id where b1_0.id=?
Hibernate: select b1_0.id,b1_0.available_copies,b1_0.category_id,b1_0.description,b1_0.title from books b1_0
Hibernate: select u1_0.id,u1_0.email,u1_0.name,u1_0.password,u1_0.role from users u1_0 where u1_0.id=?
Hibernate: select c1_0.id,c1_0.name from categories c1_0 where c1_0.id=?
Hibernate: select a1_0.book_id,a1_1.id,a1_1.name from book_authors a1_0 join authors a1_1 on a1_1.id=a1_0.author_id where a1_0.book_id=?
Hibernate: select a1_0.book_id,a1_1.id,a1_1.name from book_authors a1_0 join authors a1_1 on a1_1.id=a1_0.author_id where a1_0.book_id=?
2026-08-21T20:53:21.575+03:00 TRACE 7284 --- [library] [nio-5050-exec-5] o.s.s.w.header.writers.HstsHeaderWriter  : Not injecting HSTS header since it did not match request to [Is Secure]
2026-08-21T20:53:21.575+03:00 TRACE 7284 --- [library] [nio-5050-exec-8] o.s.s.w.header.writers.HstsHeaderWriter  : Not injecting HSTS header since it did not match request to [Is Secure]
2026-08-21T20:53:24.871+03:00 TRACE 7284 --- [library] [io-5050-exec-10] o.s.security.web.FilterChainProxy        : Trying to match request against DefaultSecurityFilterChain defined as 'securityFilterChain' in [class path resource [org/library/security/SecurityConfig.class]] matching [any request] and having filters [DisableEncodeUrl, WebAsyncManagerIntegration, SecurityContextHolder, HeaderWriter, Logout, JwtAuth, RequestCacheAware, SecurityContextHolderAwareRequest, AnonymousAuthentication, SessionManagement, ExceptionTranslation, Authorization] (1/1)
2026-08-21T20:53:24.872+03:00 DEBUG 7284 --- [library] [io-5050-exec-10] o.s.security.web.FilterChainProxy        : Securing POST /api/borrow/2/return
2026-08-21T20:53:24.872+03:00 TRACE 7284 --- [library] [io-5050-exec-10] o.s.security.web.FilterChainProxy        : Invoking DisableEncodeUrlFilter (1/12)
2026-08-21T20:53:24.873+03:00 TRACE 7284 --- [library] [io-5050-exec-10] o.s.security.web.FilterChainProxy        : Invoking WebAsyncManagerIntegrationFilter (2/12)
2026-08-21T20:53:24.873+03:00 TRACE 7284 --- [library] [io-5050-exec-10] o.s.security.web.FilterChainProxy        : Invoking SecurityContextHolderFilter (3/12)
2026-08-21T20:53:24.873+03:00 TRACE 7284 --- [library] [io-5050-exec-10] o.s.security.web.FilterChainProxy        : Invoking HeaderWriterFilter (4/12)
2026-08-21T20:53:24.874+03:00 TRACE 7284 --- [library] [io-5050-exec-10] o.s.security.web.FilterChainProxy        : Invoking LogoutFilter (5/12)
2026-08-21T20:53:24.875+03:00 TRACE 7284 --- [library] [io-5050-exec-10] o.s.s.w.a.logout.LogoutFilter            : Did not match request to Or [PathPattern [GET /logout], PathPattern [POST /logout], PathPattern [PUT /logout], PathPattern [DELETE /logout]]
2026-08-21T20:53:24.875+03:00 TRACE 7284 --- [library] [io-5050-exec-10] o.s.security.web.FilterChainProxy        : Invoking JwtAuthFilter (6/12)
2026-08-21T20:53:24.879+03:00 TRACE 7284 --- [library] [io-5050-exec-10] .s.s.w.c.SupplierDeferredSecurityContext : Created SecurityContextImpl [Null authentication]
Hibernate: select u1_0.id,u1_0.email,u1_0.name,u1_0.password,u1_0.role from users u1_0 where u1_0.email=?
2026-08-21T20:53:24.927+03:00 TRACE 7284 --- [library] [io-5050-exec-10] o.s.security.web.FilterChainProxy        : Invoking RequestCacheAwareFilter (7/12)
2026-08-21T20:53:24.927+03:00 TRACE 7284 --- [library] [io-5050-exec-10] o.s.security.web.FilterChainProxy        : Invoking SecurityContextHolderAwareRequestFilter (8/12)
2026-08-21T20:53:24.928+03:00 TRACE 7284 --- [library] [io-5050-exec-10] o.s.security.web.FilterChainProxy        : Invoking AnonymousAuthenticationFilter (9/12)
2026-08-21T20:53:24.928+03:00 TRACE 7284 --- [library] [io-5050-exec-10] o.s.security.web.FilterChainProxy        : Invoking SessionManagementFilter (10/12)
2026-08-21T20:53:24.928+03:00 TRACE 7284 --- [library] [io-5050-exec-10] o.s.s.w.a.AnonymousAuthenticationFilter  : Did not set SecurityContextHolder since already authenticated UsernamePasswordAuthenticationToken [Principal=User(id=13, name=Test User, email=test@example.com, password=$2a$10$/E99rsKfKX2o118lTpIPP.y/mU88iht6TNzF3rg8wHTNy9gwE6MiO, role=ADMIN), Credentials=[PROTECTED], Authenticated=true, Details=WebAuthenticationDetails [RemoteIpAddress=0:0:0:0:0:0:0:1, SessionId=null], Granted Authorities=[Role_ADMIN]]
2026-08-21T20:53:24.929+03:00 TRACE 7284 --- [library] [io-5050-exec-10] s.CompositeSessionAuthenticationStrategy : Preparing session with ChangeSessionIdAuthenticationStrategy (1/1)
2026-08-21T20:53:24.929+03:00 TRACE 7284 --- [library] [io-5050-exec-10] o.s.security.web.FilterChainProxy        : Invoking ExceptionTranslationFilter (11/12)
2026-08-21T20:53:24.930+03:00 TRACE 7284 --- [library] [io-5050-exec-10] o.s.security.web.FilterChainProxy        : Invoking AuthorizationFilter (12/12)
2026-08-21T20:53:24.930+03:00 TRACE 7284 --- [library] [io-5050-exec-10] estMatcherDelegatingAuthorizationManager : Authorizing POST /api/borrow/2/return
2026-08-21T20:53:24.930+03:00 TRACE 7284 --- [library] [io-5050-exec-10] estMatcherDelegatingAuthorizationManager : Checking authorization on POST /api/borrow/2/return using org.springframework.security.authorization.AuthenticatedAuthorizationManager@7b7ecddb
2026-08-21T20:53:24.931+03:00 DEBUG 7284 --- [library] [io-5050-exec-10] o.s.security.web.FilterChainProxy        : Secured POST /api/borrow/2/return
Hibernate: select br1_0.id,b1_0.id,b1_0.available_copies,b1_0.category_id,c1_0.id,c1_0.name,b1_0.description,b1_0.title,br1_0.borrow_date,br1_0.due_date,br1_0.return_date,u1_0.id,u1_0.email,u1_0.name,u1_0.password,u1_0.role from borrow_records br1_0 left join books b1_0 on b1_0.id=br1_0.book_id left join categories c1_0 on c1_0.id=b1_0.category_id left join users u1_0 on u1_0.id=br1_0.user_id where br1_0.id=?
Hibernate: select a1_0.book_id,a1_1.id,a1_1.name from book_authors a1_0 join authors a1_1 on a1_1.id=a1_0.author_id where a1_0.book_id=?
Hibernate: update books set available_copies=?,category_id=?,description=?,title=? where id=?
Hibernate: update borrow_records set book_id=?,borrow_date=?,due_date=?,return_date=?,user_id=? where id=?
2026-08-21T20:53:25.140+03:00 TRACE 7284 --- [library] [io-5050-exec-10] o.s.s.w.header.writers.HstsHeaderWriter  : Not injecting HSTS header since it did not match request to [Is Secure]
2026-08-21T20:53:25.161+03:00 TRACE 7284 --- [library] [nio-5050-exec-1] o.s.security.web.FilterChainProxy        : Trying to match request against DefaultSecurityFilterChain defined as 'securityFilterChain' in [class path resource [org/library/security/SecurityConfig.class]] matching [any request] and having filters [DisableEncodeUrl, WebAsyncManagerIntegration, SecurityContextHolder, HeaderWriter, Logout, JwtAuth, RequestCacheAware, SecurityContextHolderAwareRequest, AnonymousAuthentication, SessionManagement, ExceptionTranslation, Authorization] (1/1)
2026-08-21T20:53:25.161+03:00 TRACE 7284 --- [library] [nio-5050-exec-2] o.s.security.web.FilterChainProxy        : Trying to match request against DefaultSecurityFilterChain defined as 'securityFilterChain' in [class path resource [org/library/security/SecurityConfig.class]] matching [any request] and having filters [DisableEncodeUrl, WebAsyncManagerIntegration, SecurityContextHolder, HeaderWriter, Logout, JwtAuth, RequestCacheAware, SecurityContextHolderAwareRequest, AnonymousAuthentication, SessionManagement, ExceptionTranslation, Authorization] (1/1)
2026-08-21T20:53:25.162+03:00 DEBUG 7284 --- [library] [nio-5050-exec-1] o.s.security.web.FilterChainProxy        : Securing GET /api/borrow
2026-08-21T20:53:25.162+03:00 DEBUG 7284 --- [library] [nio-5050-exec-2] o.s.security.web.FilterChainProxy        : Securing GET /api/books
2026-08-21T20:53:25.162+03:00 TRACE 7284 --- [library] [nio-5050-exec-1] o.s.security.web.FilterChainProxy        : Invoking DisableEncodeUrlFilter (1/12)
2026-08-21T20:53:25.162+03:00 TRACE 7284 --- [library] [nio-5050-exec-2] o.s.security.web.FilterChainProxy        : Invoking DisableEncodeUrlFilter (1/12)
2026-08-21T20:53:25.163+03:00 TRACE 7284 --- [library] [nio-5050-exec-1] o.s.security.web.FilterChainProxy        : Invoking WebAsyncManagerIntegrationFilter (2/12)
2026-08-21T20:53:25.163+03:00 TRACE 7284 --- [library] [nio-5050-exec-2] o.s.security.web.FilterChainProxy        : Invoking WebAsyncManagerIntegrationFilter (2/12)
2026-08-21T20:53:25.163+03:00 TRACE 7284 --- [library] [nio-5050-exec-1] o.s.security.web.FilterChainProxy        : Invoking SecurityContextHolderFilter (3/12)
2026-08-21T20:53:25.164+03:00 TRACE 7284 --- [library] [nio-5050-exec-1] o.s.security.web.FilterChainProxy        : Invoking HeaderWriterFilter (4/12)
2026-08-21T20:53:25.163+03:00 TRACE 7284 --- [library] [nio-5050-exec-2] o.s.security.web.FilterChainProxy        : Invoking SecurityContextHolderFilter (3/12)
2026-08-21T20:53:25.164+03:00 TRACE 7284 --- [library] [nio-5050-exec-1] o.s.security.web.FilterChainProxy        : Invoking LogoutFilter (5/12)
2026-08-21T20:53:25.164+03:00 TRACE 7284 --- [library] [nio-5050-exec-2] o.s.security.web.FilterChainProxy        : Invoking HeaderWriterFilter (4/12)
2026-08-21T20:53:25.165+03:00 TRACE 7284 --- [library] [nio-5050-exec-1] o.s.s.w.a.logout.LogoutFilter            : Did not match request to Or [PathPattern [GET /logout], PathPattern [POST /logout], PathPattern [PUT /logout], PathPattern [DELETE /logout]]
2026-08-21T20:53:25.165+03:00 TRACE 7284 --- [library] [nio-5050-exec-2] o.s.security.web.FilterChainProxy        : Invoking LogoutFilter (5/12)
2026-08-21T20:53:25.165+03:00 TRACE 7284 --- [library] [nio-5050-exec-1] o.s.security.web.FilterChainProxy        : Invoking JwtAuthFilter (6/12)
2026-08-21T20:53:25.165+03:00 TRACE 7284 --- [library] [nio-5050-exec-2] o.s.s.w.a.logout.LogoutFilter            : Did not match request to Or [PathPattern [GET /logout], PathPattern [POST /logout], PathPattern [PUT /logout], PathPattern [DELETE /logout]]
2026-08-21T20:53:25.166+03:00 TRACE 7284 --- [library] [nio-5050-exec-2] o.s.security.web.FilterChainProxy        : Invoking JwtAuthFilter (6/12)
2026-08-21T20:53:25.167+03:00 TRACE 7284 --- [library] [nio-5050-exec-1] .s.s.w.c.SupplierDeferredSecurityContext : Created SecurityContextImpl [Null authentication]
2026-08-21T20:53:25.167+03:00 TRACE 7284 --- [library] [nio-5050-exec-2] .s.s.w.c.SupplierDeferredSecurityContext : Created SecurityContextImpl [Null authentication]
Hibernate: select u1_0.id,u1_0.email,u1_0.name,u1_0.password,u1_0.role from users u1_0 where u1_0.email=?
Hibernate: select u1_0.id,u1_0.email,u1_0.name,u1_0.password,u1_0.role from users u1_0 where u1_0.email=?
2026-08-21T20:53:25.193+03:00 TRACE 7284 --- [library] [nio-5050-exec-1] o.s.security.web.FilterChainProxy        : Invoking RequestCacheAwareFilter (7/12)
2026-08-21T20:53:25.193+03:00 TRACE 7284 --- [library] [nio-5050-exec-1] o.s.security.web.FilterChainProxy        : Invoking SecurityContextHolderAwareRequestFilter (8/12)
2026-08-21T20:53:25.193+03:00 TRACE 7284 --- [library] [nio-5050-exec-1] o.s.security.web.FilterChainProxy        : Invoking AnonymousAuthenticationFilter (9/12)
2026-08-21T20:53:25.194+03:00 TRACE 7284 --- [library] [nio-5050-exec-1] o.s.security.web.FilterChainProxy        : Invoking SessionManagementFilter (10/12)
2026-08-21T20:53:25.194+03:00 TRACE 7284 --- [library] [nio-5050-exec-1] o.s.s.w.a.AnonymousAuthenticationFilter  : Did not set SecurityContextHolder since already authenticated UsernamePasswordAuthenticationToken [Principal=User(id=13, name=Test User, email=test@example.com, password=$2a$10$/E99rsKfKX2o118lTpIPP.y/mU88iht6TNzF3rg8wHTNy9gwE6MiO, role=ADMIN), Credentials=[PROTECTED], Authenticated=true, Details=WebAuthenticationDetails [RemoteIpAddress=0:0:0:0:0:0:0:1, SessionId=null], Granted Authorities=[Role_ADMIN]]
2026-08-21T20:53:25.195+03:00 TRACE 7284 --- [library] [nio-5050-exec-1] s.CompositeSessionAuthenticationStrategy : Preparing session with ChangeSessionIdAuthenticationStrategy (1/1)
2026-08-21T20:53:25.195+03:00 TRACE 7284 --- [library] [nio-5050-exec-1] o.s.security.web.FilterChainProxy        : Invoking ExceptionTranslationFilter (11/12)
2026-08-21T20:53:25.195+03:00 TRACE 7284 --- [library] [nio-5050-exec-1] o.s.security.web.FilterChainProxy        : Invoking AuthorizationFilter (12/12)
2026-08-21T20:53:25.196+03:00 TRACE 7284 --- [library] [nio-5050-exec-1] estMatcherDelegatingAuthorizationManager : Authorizing GET /api/borrow
2026-08-21T20:53:25.196+03:00 TRACE 7284 --- [library] [nio-5050-exec-1] estMatcherDelegatingAuthorizationManager : Checking authorization on GET /api/borrow using org.springframework.security.authorization.AuthenticatedAuthorizationManager@7b7ecddb
2026-08-21T20:53:25.197+03:00 DEBUG 7284 --- [library] [nio-5050-exec-1] o.s.security.web.FilterChainProxy        : Secured GET /api/borrow
2026-08-21T20:53:25.206+03:00 TRACE 7284 --- [library] [nio-5050-exec-2] o.s.security.web.FilterChainProxy        : Invoking RequestCacheAwareFilter (7/12)
2026-08-21T20:53:25.207+03:00 TRACE 7284 --- [library] [nio-5050-exec-2] o.s.security.web.FilterChainProxy        : Invoking SecurityContextHolderAwareRequestFilter (8/12)
2026-08-21T20:53:25.207+03:00 TRACE 7284 --- [library] [nio-5050-exec-2] o.s.security.web.FilterChainProxy        : Invoking AnonymousAuthenticationFilter (9/12)
2026-08-21T20:53:25.207+03:00 TRACE 7284 --- [library] [nio-5050-exec-2] o.s.security.web.FilterChainProxy        : Invoking SessionManagementFilter (10/12)
2026-08-21T20:53:25.208+03:00 TRACE 7284 --- [library] [nio-5050-exec-2] o.s.s.w.a.AnonymousAuthenticationFilter  : Did not set SecurityContextHolder since already authenticated UsernamePasswordAuthenticationToken [Principal=User(id=13, name=Test User, email=test@example.com, password=$2a$10$/E99rsKfKX2o118lTpIPP.y/mU88iht6TNzF3rg8wHTNy9gwE6MiO, role=ADMIN), Credentials=[PROTECTED], Authenticated=true, Details=WebAuthenticationDetails [RemoteIpAddress=0:0:0:0:0:0:0:1, SessionId=null], Granted Authorities=[Role_ADMIN]]
2026-08-21T20:53:25.208+03:00 TRACE 7284 --- [library] [nio-5050-exec-2] s.CompositeSessionAuthenticationStrategy : Preparing session with ChangeSessionIdAuthenticationStrategy (1/1)
2026-08-21T20:53:25.208+03:00 TRACE 7284 --- [library] [nio-5050-exec-2] o.s.security.web.FilterChainProxy        : Invoking ExceptionTranslationFilter (11/12)
2026-08-21T20:53:25.209+03:00 TRACE 7284 --- [library] [nio-5050-exec-2] o.s.security.web.FilterChainProxy        : Invoking AuthorizationFilter (12/12)
2026-08-21T20:53:25.209+03:00 TRACE 7284 --- [library] [nio-5050-exec-2] estMatcherDelegatingAuthorizationManager : Authorizing GET /api/books
2026-08-21T20:53:25.210+03:00 TRACE 7284 --- [library] [nio-5050-exec-2] estMatcherDelegatingAuthorizationManager : Checking authorization on GET /api/books using org.springframework.security.authorization.AuthenticatedAuthorizationManager@7b7ecddb
2026-08-21T20:53:25.210+03:00 DEBUG 7284 --- [library] [nio-5050-exec-2] o.s.security.web.FilterChainProxy        : Secured GET /api/books
Hibernate: select br1_0.id,br1_0.book_id,br1_0.borrow_date,br1_0.due_date,br1_0.return_date,br1_0.user_id from borrow_records br1_0
Hibernate: select b1_0.id,b1_0.available_copies,b1_0.category_id,b1_0.description,b1_0.title from books b1_0
Hibernate: select b1_0.id,b1_0.available_copies,b1_0.category_id,c1_0.id,c1_0.name,b1_0.description,b1_0.title from books b1_0 join categories c1_0 on c1_0.id=b1_0.category_id where b1_0.id=?
Hibernate: select c1_0.id,c1_0.name from categories c1_0 where c1_0.id=?
Hibernate: select u1_0.id,u1_0.email,u1_0.name,u1_0.password,u1_0.role from users u1_0 where u1_0.id=?
Hibernate: select a1_0.book_id,a1_1.id,a1_1.name from book_authors a1_0 join authors a1_1 on a1_1.id=a1_0.author_id where a1_0.book_id=?
2026-08-21T20:53:25.287+03:00 TRACE 7284 --- [library] [nio-5050-exec-2] o.s.s.w.header.writers.HstsHeaderWriter  : Not injecting HSTS header since it did not match request to [Is Secure]
Hibernate: select a1_0.book_id,a1_1.id,a1_1.name from book_authors a1_0 join authors a1_1 on a1_1.id=a1_0.author_id where a1_0.book_id=?
2026-08-21T20:53:25.336+03:00 TRACE 7284 --- [library] [nio-5050-exec-1] o.s.s.w.header.writers.HstsHeaderWriter  : Not injecting HSTS header since it did not match request to [Is Secure]
2026-08-21T20:53:34.372+03:00 TRACE 7284 --- [library] [nio-5050-exec-6] o.s.security.web.FilterChainProxy        : Trying to match request against DefaultSecurityFilterChain defined as 'securityFilterChain' in [class path resource [org/library/security/SecurityConfig.class]] matching [any request] and having filters [DisableEncodeUrl, WebAsyncManagerIntegration, SecurityContextHolder, HeaderWriter, Logout, JwtAuth, RequestCacheAware, SecurityContextHolderAwareRequest, AnonymousAuthentication, SessionManagement, ExceptionTranslation, Authorization] (1/1)
2026-08-21T20:53:34.372+03:00 DEBUG 7284 --- [library] [nio-5050-exec-6] o.s.security.web.FilterChainProxy        : Securing POST /api/borrow/1/return
2026-08-21T20:53:34.378+03:00 TRACE 7284 --- [library] [nio-5050-exec-6] o.s.security.web.FilterChainProxy        : Invoking DisableEncodeUrlFilter (1/12)
2026-08-21T20:53:34.378+03:00 TRACE 7284 --- [library] [nio-5050-exec-6] o.s.security.web.FilterChainProxy        : Invoking WebAsyncManagerIntegrationFilter (2/12)
2026-08-21T20:53:34.380+03:00 TRACE 7284 --- [library] [nio-5050-exec-6] o.s.security.web.FilterChainProxy        : Invoking SecurityContextHolderFilter (3/12)
2026-08-21T20:53:34.382+03:00 TRACE 7284 --- [library] [nio-5050-exec-6] o.s.security.web.FilterChainProxy        : Invoking HeaderWriterFilter (4/12)
2026-08-21T20:53:34.382+03:00 TRACE 7284 --- [library] [nio-5050-exec-6] o.s.security.web.FilterChainProxy        : Invoking LogoutFilter (5/12)
2026-08-21T20:53:34.383+03:00 TRACE 7284 --- [library] [nio-5050-exec-6] o.s.s.w.a.logout.LogoutFilter            : Did not match request to Or [PathPattern [GET /logout], PathPattern [POST /logout], PathPattern [PUT /logout], PathPattern [DELETE /logout]]
2026-08-21T20:53:34.384+03:00 TRACE 7284 --- [library] [nio-5050-exec-6] o.s.security.web.FilterChainProxy        : Invoking JwtAuthFilter (6/12)
2026-08-21T20:53:34.388+03:00 TRACE 7284 --- [library] [nio-5050-exec-6] .s.s.w.c.SupplierDeferredSecurityContext : Created SecurityContextImpl [Null authentication]
Hibernate: select u1_0.id,u1_0.email,u1_0.name,u1_0.password,u1_0.role from users u1_0 where u1_0.email=?
2026-08-21T20:53:34.459+03:00 TRACE 7284 --- [library] [nio-5050-exec-6] o.s.security.web.FilterChainProxy        : Invoking RequestCacheAwareFilter (7/12)
2026-08-21T20:53:34.459+03:00 TRACE 7284 --- [library] [nio-5050-exec-6] o.s.security.web.FilterChainProxy        : Invoking SecurityContextHolderAwareRequestFilter (8/12)
2026-08-21T20:53:34.460+03:00 TRACE 7284 --- [library] [nio-5050-exec-6] o.s.security.web.FilterChainProxy        : Invoking AnonymousAuthenticationFilter (9/12)
2026-08-21T20:53:34.460+03:00 TRACE 7284 --- [library] [nio-5050-exec-6] o.s.security.web.FilterChainProxy        : Invoking SessionManagementFilter (10/12)
2026-08-21T20:53:34.460+03:00 TRACE 7284 --- [library] [nio-5050-exec-6] o.s.s.w.a.AnonymousAuthenticationFilter  : Did not set SecurityContextHolder since already authenticated UsernamePasswordAuthenticationToken [Principal=User(id=13, name=Test User, email=test@example.com, password=$2a$10$/E99rsKfKX2o118lTpIPP.y/mU88iht6TNzF3rg8wHTNy9gwE6MiO, role=ADMIN), Credentials=[PROTECTED], Authenticated=true, Details=WebAuthenticationDetails [RemoteIpAddress=0:0:0:0:0:0:0:1, SessionId=null], Granted Authorities=[Role_ADMIN]]
2026-08-21T20:53:34.461+03:00 TRACE 7284 --- [library] [nio-5050-exec-6] s.CompositeSessionAuthenticationStrategy : Preparing session with ChangeSessionIdAuthenticationStrategy (1/1)
2026-08-21T20:53:34.461+03:00 TRACE 7284 --- [library] [nio-5050-exec-6] o.s.security.web.FilterChainProxy        : Invoking ExceptionTranslationFilter (11/12)
2026-08-21T20:53:34.462+03:00 TRACE 7284 --- [library] [nio-5050-exec-6] o.s.security.web.FilterChainProxy        : Invoking AuthorizationFilter (12/12)
2026-08-21T20:53:34.462+03:00 TRACE 7284 --- [library] [nio-5050-exec-6] estMatcherDelegatingAuthorizationManager : Authorizing POST /api/borrow/1/return
2026-08-21T20:53:34.463+03:00 TRACE 7284 --- [library] [nio-5050-exec-6] estMatcherDelegatingAuthorizationManager : Checking authorization on POST /api/borrow/1/return using org.springframework.security.authorization.AuthenticatedAuthorizationManager@7b7ecddb
2026-08-21T20:53:34.463+03:00 DEBUG 7284 --- [library] [nio-5050-exec-6] o.s.security.web.FilterChainProxy        : Secured POST /api/borrow/1/return
Hibernate: select br1_0.id,b1_0.id,b1_0.available_copies,b1_0.category_id,c1_0.id,c1_0.name,b1_0.description,b1_0.title,br1_0.borrow_date,br1_0.due_date,br1_0.return_date,u1_0.id,u1_0.email,u1_0.name,u1_0.password,u1_0.role from borrow_records br1_0 left join books b1_0 on b1_0.id=br1_0.book_id left join categories c1_0 on c1_0.id=b1_0.category_id left join users u1_0 on u1_0.id=br1_0.user_id where br1_0.id=?
Hibernate: select a1_0.book_id,a1_1.id,a1_1.name from book_authors a1_0 join authors a1_1 on a1_1.id=a1_0.author_id where a1_0.book_id=?
Hibernate: update books set available_copies=?,category_id=?,description=?,title=? where id=?
Hibernate: update borrow_records set book_id=?,borrow_date=?,due_date=?,return_date=?,user_id=? where id=?
2026-08-21T20:53:34.579+03:00 TRACE 7284 --- [library] [nio-5050-exec-6] o.s.s.w.header.writers.HstsHeaderWriter  : Not injecting HSTS header since it did not match request to [Is Secure]
2026-08-21T20:53:34.604+03:00 TRACE 7284 --- [library] [nio-5050-exec-4] o.s.security.web.FilterChainProxy        : Trying to match request against DefaultSecurityFilterChain defined as 'securityFilterChain' in [class path resource [org/library/security/SecurityConfig.class]] matching [any request] and having filters [DisableEncodeUrl, WebAsyncManagerIntegration, SecurityContextHolder, HeaderWriter, Logout, JwtAuth, RequestCacheAware, SecurityContextHolderAwareRequest, AnonymousAuthentication, SessionManagement, ExceptionTranslation, Authorization] (1/1)
2026-08-21T20:53:34.604+03:00 DEBUG 7284 --- [library] [nio-5050-exec-4] o.s.security.web.FilterChainProxy        : Securing GET /api/borrow
2026-08-21T20:53:34.605+03:00 TRACE 7284 --- [library] [nio-5050-exec-7] o.s.security.web.FilterChainProxy        : Trying to match request against DefaultSecurityFilterChain defined as 'securityFilterChain' in [class path resource [org/library/security/SecurityConfig.class]] matching [any request] and having filters [DisableEncodeUrl, WebAsyncManagerIntegration, SecurityContextHolder, HeaderWriter, Logout, JwtAuth, RequestCacheAware, SecurityContextHolderAwareRequest, AnonymousAuthentication, SessionManagement, ExceptionTranslation, Authorization] (1/1)
2026-08-21T20:53:34.605+03:00 TRACE 7284 --- [library] [nio-5050-exec-4] o.s.security.web.FilterChainProxy        : Invoking DisableEncodeUrlFilter (1/12)
2026-08-21T20:53:34.605+03:00 DEBUG 7284 --- [library] [nio-5050-exec-7] o.s.security.web.FilterChainProxy        : Securing GET /api/books
2026-08-21T20:53:34.605+03:00 TRACE 7284 --- [library] [nio-5050-exec-4] o.s.security.web.FilterChainProxy        : Invoking WebAsyncManagerIntegrationFilter (2/12)
2026-08-21T20:53:34.606+03:00 TRACE 7284 --- [library] [nio-5050-exec-7] o.s.security.web.FilterChainProxy        : Invoking DisableEncodeUrlFilter (1/12)
2026-08-21T20:53:34.606+03:00 TRACE 7284 --- [library] [nio-5050-exec-4] o.s.security.web.FilterChainProxy        : Invoking SecurityContextHolderFilter (3/12)
2026-08-21T20:53:34.606+03:00 TRACE 7284 --- [library] [nio-5050-exec-7] o.s.security.web.FilterChainProxy        : Invoking WebAsyncManagerIntegrationFilter (2/12)
2026-08-21T20:53:34.606+03:00 TRACE 7284 --- [library] [nio-5050-exec-4] o.s.security.web.FilterChainProxy        : Invoking HeaderWriterFilter (4/12)
2026-08-21T20:53:34.607+03:00 TRACE 7284 --- [library] [nio-5050-exec-7] o.s.security.web.FilterChainProxy        : Invoking SecurityContextHolderFilter (3/12)
2026-08-21T20:53:34.607+03:00 TRACE 7284 --- [library] [nio-5050-exec-4] o.s.security.web.FilterChainProxy        : Invoking LogoutFilter (5/12)
2026-08-21T20:53:34.607+03:00 TRACE 7284 --- [library] [nio-5050-exec-7] o.s.security.web.FilterChainProxy        : Invoking HeaderWriterFilter (4/12)
2026-08-21T20:53:34.608+03:00 TRACE 7284 --- [library] [nio-5050-exec-4] o.s.s.w.a.logout.LogoutFilter            : Did not match request to Or [PathPattern [GET /logout], PathPattern [POST /logout], PathPattern [PUT /logout], PathPattern [DELETE /logout]]
2026-08-21T20:53:34.608+03:00 TRACE 7284 --- [library] [nio-5050-exec-7] o.s.security.web.FilterChainProxy        : Invoking LogoutFilter (5/12)
2026-08-21T20:53:34.608+03:00 TRACE 7284 --- [library] [nio-5050-exec-4] o.s.security.web.FilterChainProxy        : Invoking JwtAuthFilter (6/12)
2026-08-21T20:53:34.608+03:00 TRACE 7284 --- [library] [nio-5050-exec-7] o.s.s.w.a.logout.LogoutFilter            : Did not match request to Or [PathPattern [GET /logout], PathPattern [POST /logout], PathPattern [PUT /logout], PathPattern [DELETE /logout]]
2026-08-21T20:53:34.609+03:00 TRACE 7284 --- [library] [nio-5050-exec-7] o.s.security.web.FilterChainProxy        : Invoking JwtAuthFilter (6/12)
2026-08-21T20:53:34.610+03:00 TRACE 7284 --- [library] [nio-5050-exec-4] .s.s.w.c.SupplierDeferredSecurityContext : Created SecurityContextImpl [Null authentication]
2026-08-21T20:53:34.613+03:00 TRACE 7284 --- [library] [nio-5050-exec-7] .s.s.w.c.SupplierDeferredSecurityContext : Created SecurityContextImpl [Null authentication]
Hibernate: select u1_0.id,u1_0.email,u1_0.name,u1_0.password,u1_0.role from users u1_0 where u1_0.email=?
2026-08-21T20:53:34.628+03:00 TRACE 7284 --- [library] [nio-5050-exec-7] o.s.security.web.FilterChainProxy        : Invoking RequestCacheAwareFilter (7/12)
2026-08-21T20:53:34.629+03:00 TRACE 7284 --- [library] [nio-5050-exec-7] o.s.security.web.FilterChainProxy        : Invoking SecurityContextHolderAwareRequestFilter (8/12)
2026-08-21T20:53:34.629+03:00 TRACE 7284 --- [library] [nio-5050-exec-7] o.s.security.web.FilterChainProxy        : Invoking AnonymousAuthenticationFilter (9/12)
2026-08-21T20:53:34.629+03:00 TRACE 7284 --- [library] [nio-5050-exec-7] o.s.security.web.FilterChainProxy        : Invoking SessionManagementFilter (10/12)
2026-08-21T20:53:34.630+03:00 TRACE 7284 --- [library] [nio-5050-exec-7] o.s.s.w.a.AnonymousAuthenticationFilter  : Did not set SecurityContextHolder since already authenticated UsernamePasswordAuthenticationToken [Principal=User(id=13, name=Test User, email=test@example.com, password=$2a$10$/E99rsKfKX2o118lTpIPP.y/mU88iht6TNzF3rg8wHTNy9gwE6MiO, role=ADMIN), Credentials=[PROTECTED], Authenticated=true, Details=WebAuthenticationDetails [RemoteIpAddress=0:0:0:0:0:0:0:1, SessionId=null], Granted Authorities=[Role_ADMIN]]
2026-08-21T20:53:34.630+03:00 TRACE 7284 --- [library] [nio-5050-exec-7] s.CompositeSessionAuthenticationStrategy : Preparing session with ChangeSessionIdAuthenticationStrategy (1/1)
2026-08-21T20:53:34.630+03:00 TRACE 7284 --- [library] [nio-5050-exec-7] o.s.security.web.FilterChainProxy        : Invoking ExceptionTranslationFilter (11/12)
2026-08-21T20:53:34.631+03:00 TRACE 7284 --- [library] [nio-5050-exec-7] o.s.security.web.FilterChainProxy        : Invoking AuthorizationFilter (12/12)
2026-08-21T20:53:34.631+03:00 TRACE 7284 --- [library] [nio-5050-exec-7] estMatcherDelegatingAuthorizationManager : Authorizing GET /api/books
2026-08-21T20:53:34.632+03:00 TRACE 7284 --- [library] [nio-5050-exec-7] estMatcherDelegatingAuthorizationManager : Checking authorization on GET /api/books using org.springframework.security.authorization.AuthenticatedAuthorizationManager@7b7ecddb
2026-08-21T20:53:34.632+03:00 DEBUG 7284 --- [library] [nio-5050-exec-7] o.s.security.web.FilterChainProxy        : Secured GET /api/books
Hibernate: select u1_0.id,u1_0.email,u1_0.name,u1_0.password,u1_0.role from users u1_0 where u1_0.email=?
Hibernate: select b1_0.id,b1_0.available_copies,b1_0.category_id,b1_0.description,b1_0.title from books b1_0
2026-08-21T20:53:34.647+03:00 TRACE 7284 --- [library] [nio-5050-exec-4] o.s.security.web.FilterChainProxy        : Invoking RequestCacheAwareFilter (7/12)
2026-08-21T20:53:34.647+03:00 TRACE 7284 --- [library] [nio-5050-exec-4] o.s.security.web.FilterChainProxy        : Invoking SecurityContextHolderAwareRequestFilter (8/12)
2026-08-21T20:53:34.647+03:00 TRACE 7284 --- [library] [nio-5050-exec-4] o.s.security.web.FilterChainProxy        : Invoking AnonymousAuthenticationFilter (9/12)
2026-08-21T20:53:34.648+03:00 TRACE 7284 --- [library] [nio-5050-exec-4] o.s.security.web.FilterChainProxy        : Invoking SessionManagementFilter (10/12)
2026-08-21T20:53:34.648+03:00 TRACE 7284 --- [library] [nio-5050-exec-4] o.s.s.w.a.AnonymousAuthenticationFilter  : Did not set SecurityContextHolder since already authenticated UsernamePasswordAuthenticationToken [Principal=User(id=13, name=Test User, email=test@example.com, password=$2a$10$/E99rsKfKX2o118lTpIPP.y/mU88iht6TNzF3rg8wHTNy9gwE6MiO, role=ADMIN), Credentials=[PROTECTED], Authenticated=true, Details=WebAuthenticationDetails [RemoteIpAddress=0:0:0:0:0:0:0:1, SessionId=null], Granted Authorities=[Role_ADMIN]]
2026-08-21T20:53:34.648+03:00 TRACE 7284 --- [library] [nio-5050-exec-4] s.CompositeSessionAuthenticationStrategy : Preparing session with ChangeSessionIdAuthenticationStrategy (1/1)
2026-08-21T20:53:34.649+03:00 TRACE 7284 --- [library] [nio-5050-exec-4] o.s.security.web.FilterChainProxy        : Invoking ExceptionTranslationFilter (11/12)
2026-08-21T20:53:34.649+03:00 TRACE 7284 --- [library] [nio-5050-exec-4] o.s.security.web.FilterChainProxy        : Invoking AuthorizationFilter (12/12)
2026-08-21T20:53:34.649+03:00 TRACE 7284 --- [library] [nio-5050-exec-4] estMatcherDelegatingAuthorizationManager : Authorizing GET /api/borrow
2026-08-21T20:53:34.651+03:00 TRACE 7284 --- [library] [nio-5050-exec-4] estMatcherDelegatingAuthorizationManager : Checking authorization on GET /api/borrow using org.springframework.security.authorization.AuthenticatedAuthorizationManager@7b7ecddb
2026-08-21T20:53:34.651+03:00 DEBUG 7284 --- [library] [nio-5050-exec-4] o.s.security.web.FilterChainProxy        : Secured GET /api/borrow
Hibernate: select c1_0.id,c1_0.name from categories c1_0 where c1_0.id=?
Hibernate: select br1_0.id,br1_0.book_id,br1_0.borrow_date,br1_0.due_date,br1_0.return_date,br1_0.user_id from borrow_records br1_0
Hibernate: select b1_0.id,b1_0.available_copies,b1_0.category_id,c1_0.id,c1_0.name,b1_0.description,b1_0.title from books b1_0 join categories c1_0 on c1_0.id=b1_0.category_id where b1_0.id=?
Hibernate: select a1_0.book_id,a1_1.id,a1_1.name from book_authors a1_0 join authors a1_1 on a1_1.id=a1_0.author_id where a1_0.book_id=?
Hibernate: select u1_0.id,u1_0.email,u1_0.name,u1_0.password,u1_0.role from users u1_0 where u1_0.id=?
2026-08-21T20:53:34.681+03:00 TRACE 7284 --- [library] [nio-5050-exec-7] o.s.s.w.header.writers.HstsHeaderWriter  : Not injecting HSTS header since it did not match request to [Is Secure]
Hibernate: select a1_0.book_id,a1_1.id,a1_1.name from book_authors a1_0 join authors a1_1 on a1_1.id=a1_0.author_id where a1_0.book_id=?
2026-08-21T20:53:34.694+03:00 TRACE 7284 --- [library] [nio-5050-exec-4] o.s.s.w.header.writers.HstsHeaderWriter  : Not injecting HSTS header since it did not match request to [Is Secure]
2026-08-21T20:54:57.071+03:00 TRACE 7284 --- [library] [nio-5050-exec-3] o.s.security.web.FilterChainProxy        : Trying to match request against DefaultSecurityFilterChain defined as 'securityFilterChain' in [class path resource [org/library/security/SecurityConfig.class]] matching [any request] and having filters [DisableEncodeUrl, WebAsyncManagerIntegration, SecurityContextHolder, HeaderWriter, Logout, JwtAuth, RequestCacheAware, SecurityContextHolderAwareRequest, AnonymousAuthentication, SessionManagement, ExceptionTranslation, Authorization] (1/1)
2026-08-21T20:54:57.074+03:00 DEBUG 7284 --- [library] [nio-5050-exec-3] o.s.security.web.FilterChainProxy        : Securing GET /api/authors
2026-08-21T20:54:57.074+03:00 TRACE 7284 --- [library] [nio-5050-exec-3] o.s.security.web.FilterChainProxy        : Invoking DisableEncodeUrlFilter (1/12)
2026-08-21T20:54:57.075+03:00 TRACE 7284 --- [library] [nio-5050-exec-3] o.s.security.web.FilterChainProxy        : Invoking WebAsyncManagerIntegrationFilter (2/12)
2026-08-21T20:54:57.075+03:00 TRACE 7284 --- [library] [nio-5050-exec-3] o.s.security.web.FilterChainProxy        : Invoking SecurityContextHolderFilter (3/12)
2026-08-21T20:54:57.076+03:00 TRACE 7284 --- [library] [nio-5050-exec-3] o.s.security.web.FilterChainProxy        : Invoking HeaderWriterFilter (4/12)
2026-08-21T20:54:57.076+03:00 TRACE 7284 --- [library] [nio-5050-exec-3] o.s.security.web.FilterChainProxy        : Invoking LogoutFilter (5/12)
2026-08-21T20:54:57.077+03:00 TRACE 7284 --- [library] [nio-5050-exec-3] o.s.s.w.a.logout.LogoutFilter            : Did not match request to Or [PathPattern [GET /logout], PathPattern [POST /logout], PathPattern [PUT /logout], PathPattern [DELETE /logout]]
2026-08-21T20:54:57.077+03:00 TRACE 7284 --- [library] [nio-5050-exec-3] o.s.security.web.FilterChainProxy        : Invoking JwtAuthFilter (6/12)
2026-08-21T20:54:57.079+03:00 TRACE 7284 --- [library] [nio-5050-exec-3] .s.s.w.c.SupplierDeferredSecurityContext : Created SecurityContextImpl [Null authentication]
Hibernate: select u1_0.id,u1_0.email,u1_0.name,u1_0.password,u1_0.role from users u1_0 where u1_0.email=?
2026-08-21T20:54:57.167+03:00 TRACE 7284 --- [library] [nio-5050-exec-3] o.s.security.web.FilterChainProxy        : Invoking RequestCacheAwareFilter (7/12)
2026-08-21T20:54:57.168+03:00 TRACE 7284 --- [library] [nio-5050-exec-3] o.s.security.web.FilterChainProxy        : Invoking SecurityContextHolderAwareRequestFilter (8/12)
2026-08-21T20:54:57.168+03:00 TRACE 7284 --- [library] [nio-5050-exec-3] o.s.security.web.FilterChainProxy        : Invoking AnonymousAuthenticationFilter (9/12)
2026-08-21T20:54:57.169+03:00 TRACE 7284 --- [library] [nio-5050-exec-3] o.s.security.web.FilterChainProxy        : Invoking SessionManagementFilter (10/12)
2026-08-21T20:54:57.170+03:00 TRACE 7284 --- [library] [nio-5050-exec-3] o.s.s.w.a.AnonymousAuthenticationFilter  : Did not set SecurityContextHolder since already authenticated UsernamePasswordAuthenticationToken [Principal=User(id=13, name=Test User, email=test@example.com, password=$2a$10$/E99rsKfKX2o118lTpIPP.y/mU88iht6TNzF3rg8wHTNy9gwE6MiO, role=ADMIN), Credentials=[PROTECTED], Authenticated=true, Details=WebAuthenticationDetails [RemoteIpAddress=0:0:0:0:0:0:0:1, SessionId=null], Granted Authorities=[Role_ADMIN]]
2026-08-21T20:54:57.170+03:00 TRACE 7284 --- [library] [nio-5050-exec-3] s.CompositeSessionAuthenticationStrategy : Preparing session with ChangeSessionIdAuthenticationStrategy (1/1)
2026-08-21T20:54:57.170+03:00 TRACE 7284 --- [library] [nio-5050-exec-3] o.s.security.web.FilterChainProxy        : Invoking ExceptionTranslationFilter (11/12)
2026-08-21T20:54:57.171+03:00 TRACE 7284 --- [library] [nio-5050-exec-3] o.s.security.web.FilterChainProxy        : Invoking AuthorizationFilter (12/12)
2026-08-21T20:54:57.171+03:00 TRACE 7284 --- [library] [nio-5050-exec-3] estMatcherDelegatingAuthorizationManager : Authorizing GET /api/authors
2026-08-21T20:54:57.171+03:00 TRACE 7284 --- [library] [nio-5050-exec-3] estMatcherDelegatingAuthorizationManager : Checking authorization on GET /api/authors using org.springframework.security.authorization.AuthenticatedAuthorizationManager@7b7ecddb
2026-08-21T20:54:57.172+03:00 DEBUG 7284 --- [library] [nio-5050-exec-3] o.s.security.web.FilterChainProxy        : Secured GET /api/authors
Hibernate: select a1_0.id,a1_0.name from authors a1_0
2026-08-21T20:54:57.198+03:00 TRACE 7284 --- [library] [nio-5050-exec-3] o.s.s.w.header.writers.HstsHeaderWriter  : Not injecting HSTS header since it did not match request to [Is Secure]
2026-08-21T20:55:00.757+03:00 TRACE 7284 --- [library] [nio-5050-exec-8] o.s.security.web.FilterChainProxy        : Trying to match request against DefaultSecurityFilterChain defined as 'securityFilterChain' in [class path resource [org/library/security/SecurityConfig.class]] matching [any request] and having filters [DisableEncodeUrl, WebAsyncManagerIntegration, SecurityContextHolder, HeaderWriter, Logout, JwtAuth, RequestCacheAware, SecurityContextHolderAwareRequest, AnonymousAuthentication, SessionManagement, ExceptionTranslation, Authorization] (1/1)
2026-08-21T20:55:00.757+03:00 TRACE 7284 --- [library] [nio-5050-exec-9] o.s.security.web.FilterChainProxy        : Trying to match request against DefaultSecurityFilterChain defined as 'securityFilterChain' in [class path resource [org/library/security/SecurityConfig.class]] matching [any request] and having filters [DisableEncodeUrl, WebAsyncManagerIntegration, SecurityContextHolder, HeaderWriter, Logout, JwtAuth, RequestCacheAware, SecurityContextHolderAwareRequest, AnonymousAuthentication, SessionManagement, ExceptionTranslation, Authorization] (1/1)
2026-08-21T20:55:00.757+03:00 DEBUG 7284 --- [library] [nio-5050-exec-8] o.s.security.web.FilterChainProxy        : Securing GET /api/books
2026-08-21T20:55:00.757+03:00 DEBUG 7284 --- [library] [nio-5050-exec-9] o.s.security.web.FilterChainProxy        : Securing GET /api/borrow
2026-08-21T20:55:00.757+03:00 TRACE 7284 --- [library] [nio-5050-exec-8] o.s.security.web.FilterChainProxy        : Invoking DisableEncodeUrlFilter (1/12)
2026-08-21T20:55:00.758+03:00 TRACE 7284 --- [library] [nio-5050-exec-8] o.s.security.web.FilterChainProxy        : Invoking WebAsyncManagerIntegrationFilter (2/12)
2026-08-21T20:55:00.757+03:00 TRACE 7284 --- [library] [nio-5050-exec-9] o.s.security.web.FilterChainProxy        : Invoking DisableEncodeUrlFilter (1/12)
2026-08-21T20:55:00.760+03:00 TRACE 7284 --- [library] [nio-5050-exec-8] o.s.security.web.FilterChainProxy        : Invoking SecurityContextHolderFilter (3/12)
2026-08-21T20:55:00.760+03:00 TRACE 7284 --- [library] [nio-5050-exec-9] o.s.security.web.FilterChainProxy        : Invoking WebAsyncManagerIntegrationFilter (2/12)
2026-08-21T20:55:00.760+03:00 TRACE 7284 --- [library] [nio-5050-exec-8] o.s.security.web.FilterChainProxy        : Invoking HeaderWriterFilter (4/12)
2026-08-21T20:55:00.761+03:00 TRACE 7284 --- [library] [nio-5050-exec-9] o.s.security.web.FilterChainProxy        : Invoking SecurityContextHolderFilter (3/12)
2026-08-21T20:55:00.761+03:00 TRACE 7284 --- [library] [nio-5050-exec-8] o.s.security.web.FilterChainProxy        : Invoking LogoutFilter (5/12)
2026-08-21T20:55:00.761+03:00 TRACE 7284 --- [library] [nio-5050-exec-9] o.s.security.web.FilterChainProxy        : Invoking HeaderWriterFilter (4/12)
2026-08-21T20:55:00.761+03:00 TRACE 7284 --- [library] [nio-5050-exec-8] o.s.s.w.a.logout.LogoutFilter            : Did not match request to Or [PathPattern [GET /logout], PathPattern [POST /logout], PathPattern [PUT /logout], PathPattern [DELETE /logout]]
2026-08-21T20:55:00.761+03:00 TRACE 7284 --- [library] [nio-5050-exec-9] o.s.security.web.FilterChainProxy        : Invoking LogoutFilter (5/12)
2026-08-21T20:55:00.762+03:00 TRACE 7284 --- [library] [nio-5050-exec-8] o.s.security.web.FilterChainProxy        : Invoking JwtAuthFilter (6/12)
2026-08-21T20:55:00.762+03:00 TRACE 7284 --- [library] [nio-5050-exec-9] o.s.s.w.a.logout.LogoutFilter            : Did not match request to Or [PathPattern [GET /logout], PathPattern [POST /logout], PathPattern [PUT /logout], PathPattern [DELETE /logout]]
2026-08-21T20:55:00.762+03:00 TRACE 7284 --- [library] [nio-5050-exec-9] o.s.security.web.FilterChainProxy        : Invoking JwtAuthFilter (6/12)
2026-08-21T20:55:00.763+03:00 TRACE 7284 --- [library] [nio-5050-exec-8] .s.s.w.c.SupplierDeferredSecurityContext : Created SecurityContextImpl [Null authentication]
2026-08-21T20:55:00.763+03:00 TRACE 7284 --- [library] [nio-5050-exec-9] .s.s.w.c.SupplierDeferredSecurityContext : Created SecurityContextImpl [Null authentication]
Hibernate: select u1_0.id,u1_0.email,u1_0.name,u1_0.password,u1_0.role from users u1_0 where u1_0.email=?
Hibernate: select u1_0.id,u1_0.email,u1_0.name,u1_0.password,u1_0.role from users u1_0 where u1_0.email=?
2026-08-21T20:55:00.877+03:00 TRACE 7284 --- [library] [nio-5050-exec-8] o.s.security.web.FilterChainProxy        : Invoking RequestCacheAwareFilter (7/12)
2026-08-21T20:55:00.878+03:00 TRACE 7284 --- [library] [nio-5050-exec-8] o.s.security.web.FilterChainProxy        : Invoking SecurityContextHolderAwareRequestFilter (8/12)
2026-08-21T20:55:00.878+03:00 TRACE 7284 --- [library] [nio-5050-exec-8] o.s.security.web.FilterChainProxy        : Invoking AnonymousAuthenticationFilter (9/12)
2026-08-21T20:55:00.878+03:00 TRACE 7284 --- [library] [nio-5050-exec-8] o.s.security.web.FilterChainProxy        : Invoking SessionManagementFilter (10/12)
2026-08-21T20:55:00.879+03:00 TRACE 7284 --- [library] [nio-5050-exec-8] o.s.s.w.a.AnonymousAuthenticationFilter  : Did not set SecurityContextHolder since already authenticated UsernamePasswordAuthenticationToken [Principal=User(id=13, name=Test User, email=test@example.com, password=$2a$10$/E99rsKfKX2o118lTpIPP.y/mU88iht6TNzF3rg8wHTNy9gwE6MiO, role=ADMIN), Credentials=[PROTECTED], Authenticated=true, Details=WebAuthenticationDetails [RemoteIpAddress=0:0:0:0:0:0:0:1, SessionId=null], Granted Authorities=[Role_ADMIN]]
2026-08-21T20:55:00.879+03:00 TRACE 7284 --- [library] [nio-5050-exec-8] s.CompositeSessionAuthenticationStrategy : Preparing session with ChangeSessionIdAuthenticationStrategy (1/1)
2026-08-21T20:55:00.879+03:00 TRACE 7284 --- [library] [nio-5050-exec-8] o.s.security.web.FilterChainProxy        : Invoking ExceptionTranslationFilter (11/12)
2026-08-21T20:55:00.879+03:00 TRACE 7284 --- [library] [nio-5050-exec-8] o.s.security.web.FilterChainProxy        : Invoking AuthorizationFilter (12/12)
2026-08-21T20:55:00.880+03:00 TRACE 7284 --- [library] [nio-5050-exec-8] estMatcherDelegatingAuthorizationManager : Authorizing GET /api/books
2026-08-21T20:55:00.881+03:00 TRACE 7284 --- [library] [nio-5050-exec-8] estMatcherDelegatingAuthorizationManager : Checking authorization on GET /api/books using org.springframework.security.authorization.AuthenticatedAuthorizationManager@7b7ecddb
2026-08-21T20:55:00.881+03:00 TRACE 7284 --- [library] [nio-5050-exec-9] o.s.security.web.FilterChainProxy        : Invoking RequestCacheAwareFilter (7/12)
2026-08-21T20:55:00.882+03:00 TRACE 7284 --- [library] [nio-5050-exec-9] o.s.security.web.FilterChainProxy        : Invoking SecurityContextHolderAwareRequestFilter (8/12)
2026-08-21T20:55:00.882+03:00 TRACE 7284 --- [library] [nio-5050-exec-9] o.s.security.web.FilterChainProxy        : Invoking AnonymousAuthenticationFilter (9/12)
2026-08-21T20:55:00.882+03:00 DEBUG 7284 --- [library] [nio-5050-exec-8] o.s.security.web.FilterChainProxy        : Secured GET /api/books
2026-08-21T20:55:00.883+03:00 TRACE 7284 --- [library] [nio-5050-exec-9] o.s.security.web.FilterChainProxy        : Invoking SessionManagementFilter (10/12)
2026-08-21T20:55:00.885+03:00 TRACE 7284 --- [library] [nio-5050-exec-9] o.s.s.w.a.AnonymousAuthenticationFilter  : Did not set SecurityContextHolder since already authenticated UsernamePasswordAuthenticationToken [Principal=User(id=13, name=Test User, email=test@example.com, password=$2a$10$/E99rsKfKX2o118lTpIPP.y/mU88iht6TNzF3rg8wHTNy9gwE6MiO, role=ADMIN), Credentials=[PROTECTED], Authenticated=true, Details=WebAuthenticationDetails [RemoteIpAddress=0:0:0:0:0:0:0:1, SessionId=null], Granted Authorities=[Role_ADMIN]]
2026-08-21T20:55:00.886+03:00 TRACE 7284 --- [library] [nio-5050-exec-9] s.CompositeSessionAuthenticationStrategy : Preparing session with ChangeSessionIdAuthenticationStrategy (1/1)
2026-08-21T20:55:00.887+03:00 TRACE 7284 --- [library] [nio-5050-exec-9] o.s.security.web.FilterChainProxy        : Invoking ExceptionTranslationFilter (11/12)
2026-08-21T20:55:00.887+03:00 TRACE 7284 --- [library] [nio-5050-exec-9] o.s.security.web.FilterChainProxy        : Invoking AuthorizationFilter (12/12)
2026-08-21T20:55:00.887+03:00 TRACE 7284 --- [library] [nio-5050-exec-9] estMatcherDelegatingAuthorizationManager : Authorizing GET /api/borrow
2026-08-21T20:55:00.888+03:00 TRACE 7284 --- [library] [nio-5050-exec-9] estMatcherDelegatingAuthorizationManager : Checking authorization on GET /api/borrow using org.springframework.security.authorization.AuthenticatedAuthorizationManager@7b7ecddb
2026-08-21T20:55:00.888+03:00 DEBUG 7284 --- [library] [nio-5050-exec-9] o.s.security.web.FilterChainProxy        : Secured GET /api/borrow
Hibernate: select b1_0.id,b1_0.available_copies,b1_0.category_id,b1_0.description,b1_0.title from books b1_0
Hibernate: select br1_0.id,br1_0.book_id,br1_0.borrow_date,br1_0.due_date,br1_0.return_date,br1_0.user_id from borrow_records br1_0
Hibernate: select b1_0.id,b1_0.available_copies,b1_0.category_id,c1_0.id,c1_0.name,b1_0.description,b1_0.title from books b1_0 join categories c1_0 on c1_0.id=b1_0.category_id where b1_0.id=?
Hibernate: select c1_0.id,c1_0.name from categories c1_0 where c1_0.id=?
Hibernate: select u1_0.id,u1_0.email,u1_0.name,u1_0.password,u1_0.role from users u1_0 where u1_0.id=?
Hibernate: select a1_0.book_id,a1_1.id,a1_1.name from book_authors a1_0 join authors a1_1 on a1_1.id=a1_0.author_id where a1_0.book_id=?
Hibernate: select a1_0.book_id,a1_1.id,a1_1.name from book_authors a1_0 join authors a1_1 on a1_1.id=a1_0.author_id where a1_0.book_id=?
2026-08-21T20:55:00.953+03:00 TRACE 7284 --- [library] [nio-5050-exec-8] o.s.s.w.header.writers.HstsHeaderWriter  : Not injecting HSTS header since it did not match request to [Is Secure]
2026-08-21T20:55:00.953+03:00 TRACE 7284 --- [library] [nio-5050-exec-9] o.s.s.w.header.writers.HstsHeaderWriter  : Not injecting HSTS header since it did not match request to [Is Secure]
2026-08-21T20:56:37.097+03:00 TRACE 7284 --- [library] [nio-5050-exec-5] o.s.security.web.FilterChainProxy        : Trying to match request against DefaultSecurityFilterChain defined as 'securityFilterChain' in [class path resource [org/library/security/SecurityConfig.class]] matching [any request] and having filters [DisableEncodeUrl, WebAsyncManagerIntegration, SecurityContextHolder, HeaderWriter, Logout, JwtAuth, RequestCacheAware, SecurityContextHolderAwareRequest, AnonymousAuthentication, SessionManagement, ExceptionTranslation, Authorization] (1/1)
2026-08-21T20:56:37.105+03:00 DEBUG 7284 --- [library] [nio-5050-exec-5] o.s.security.web.FilterChainProxy        : Securing GET /api/authors
2026-08-21T20:56:37.105+03:00 TRACE 7284 --- [library] [nio-5050-exec-5] o.s.security.web.FilterChainProxy        : Invoking DisableEncodeUrlFilter (1/12)
2026-08-21T20:56:37.106+03:00 TRACE 7284 --- [library] [nio-5050-exec-5] o.s.security.web.FilterChainProxy        : Invoking WebAsyncManagerIntegrationFilter (2/12)
2026-08-21T20:56:37.106+03:00 TRACE 7284 --- [library] [nio-5050-exec-5] o.s.security.web.FilterChainProxy        : Invoking SecurityContextHolderFilter (3/12)
2026-08-21T20:56:37.106+03:00 TRACE 7284 --- [library] [nio-5050-exec-5] o.s.security.web.FilterChainProxy        : Invoking HeaderWriterFilter (4/12)
2026-08-21T20:56:37.107+03:00 TRACE 7284 --- [library] [nio-5050-exec-5] o.s.security.web.FilterChainProxy        : Invoking LogoutFilter (5/12)
2026-08-21T20:56:37.107+03:00 TRACE 7284 --- [library] [nio-5050-exec-5] o.s.s.w.a.logout.LogoutFilter            : Did not match request to Or [PathPattern [GET /logout], PathPattern [POST /logout], PathPattern [PUT /logout], PathPattern [DELETE /logout]]
2026-08-21T20:56:37.108+03:00 TRACE 7284 --- [library] [nio-5050-exec-5] o.s.security.web.FilterChainProxy        : Invoking JwtAuthFilter (6/12)
2026-08-21T20:56:37.109+03:00 TRACE 7284 --- [library] [nio-5050-exec-5] .s.s.w.c.SupplierDeferredSecurityContext : Created SecurityContextImpl [Null authentication]
Hibernate: select u1_0.id,u1_0.email,u1_0.name,u1_0.password,u1_0.role from users u1_0 where u1_0.email=?
2026-08-21T20:56:37.257+03:00 TRACE 7284 --- [library] [nio-5050-exec-5] o.s.security.web.FilterChainProxy        : Invoking RequestCacheAwareFilter (7/12)
2026-08-21T20:56:37.257+03:00 TRACE 7284 --- [library] [nio-5050-exec-5] o.s.security.web.FilterChainProxy        : Invoking SecurityContextHolderAwareRequestFilter (8/12)
2026-08-21T20:56:37.258+03:00 TRACE 7284 --- [library] [nio-5050-exec-5] o.s.security.web.FilterChainProxy        : Invoking AnonymousAuthenticationFilter (9/12)
2026-08-21T20:56:37.258+03:00 TRACE 7284 --- [library] [nio-5050-exec-5] o.s.security.web.FilterChainProxy        : Invoking SessionManagementFilter (10/12)
2026-08-21T20:56:37.259+03:00 TRACE 7284 --- [library] [nio-5050-exec-5] o.s.s.w.a.AnonymousAuthenticationFilter  : Did not set SecurityContextHolder since already authenticated UsernamePasswordAuthenticationToken [Principal=User(id=13, name=Test User, email=test@example.com, password=$2a$10$/E99rsKfKX2o118lTpIPP.y/mU88iht6TNzF3rg8wHTNy9gwE6MiO, role=ADMIN), Credentials=[PROTECTED], Authenticated=true, Details=WebAuthenticationDetails [RemoteIpAddress=0:0:0:0:0:0:0:1, SessionId=null], Granted Authorities=[Role_ADMIN]]
2026-08-21T20:56:37.259+03:00 TRACE 7284 --- [library] [nio-5050-exec-5] s.CompositeSessionAuthenticationStrategy : Preparing session with ChangeSessionIdAuthenticationStrategy (1/1)
2026-08-21T20:56:37.259+03:00 TRACE 7284 --- [library] [nio-5050-exec-5] o.s.security.web.FilterChainProxy        : Invoking ExceptionTranslationFilter (11/12)
2026-08-21T20:56:37.260+03:00 TRACE 7284 --- [library] [nio-5050-exec-5] o.s.security.web.FilterChainProxy        : Invoking AuthorizationFilter (12/12)
2026-08-21T20:56:37.260+03:00 TRACE 7284 --- [library] [nio-5050-exec-5] estMatcherDelegatingAuthorizationManager : Authorizing GET /api/authors
2026-08-21T20:56:37.260+03:00 TRACE 7284 --- [library] [nio-5050-exec-5] estMatcherDelegatingAuthorizationManager : Checking authorization on GET /api/authors using org.springframework.security.authorization.AuthenticatedAuthorizationManager@7b7ecddb
2026-08-21T20:56:37.261+03:00 DEBUG 7284 --- [library] [nio-5050-exec-5] o.s.security.web.FilterChainProxy        : Secured GET /api/authors
Hibernate: select a1_0.id,a1_0.name from authors a1_0
2026-08-21T20:56:37.274+03:00 TRACE 7284 --- [library] [nio-5050-exec-5] o.s.s.w.header.writers.HstsHeaderWriter  : Not injecting HSTS header since it did not match request to [Is Secure]
2026-08-21T20:56:40.727+03:00 TRACE 7284 --- [library] [io-5050-exec-10] o.s.security.web.FilterChainProxy        : Trying to match request against DefaultSecurityFilterChain defined as 'securityFilterChain' in [class path resource [org/library/security/SecurityConfig.class]] matching [any request] and having filters [DisableEncodeUrl, WebAsyncManagerIntegration, SecurityContextHolder, HeaderWriter, Logout, JwtAuth, RequestCacheAware, SecurityContextHolderAwareRequest, AnonymousAuthentication, SessionManagement, ExceptionTranslation, Authorization] (1/1)
2026-08-21T20:56:40.728+03:00 DEBUG 7284 --- [library] [io-5050-exec-10] o.s.security.web.FilterChainProxy        : Securing POST /api/authors
2026-08-21T20:56:40.728+03:00 TRACE 7284 --- [library] [io-5050-exec-10] o.s.security.web.FilterChainProxy        : Invoking DisableEncodeUrlFilter (1/12)
2026-08-21T20:56:40.728+03:00 TRACE 7284 --- [library] [io-5050-exec-10] o.s.security.web.FilterChainProxy        : Invoking WebAsyncManagerIntegrationFilter (2/12)
2026-08-21T20:56:40.729+03:00 TRACE 7284 --- [library] [io-5050-exec-10] o.s.security.web.FilterChainProxy        : Invoking SecurityContextHolderFilter (3/12)
2026-08-21T20:56:40.729+03:00 TRACE 7284 --- [library] [io-5050-exec-10] o.s.security.web.FilterChainProxy        : Invoking HeaderWriterFilter (4/12)
2026-08-21T20:56:40.731+03:00 TRACE 7284 --- [library] [io-5050-exec-10] o.s.security.web.FilterChainProxy        : Invoking LogoutFilter (5/12)
2026-08-21T20:56:40.731+03:00 TRACE 7284 --- [library] [io-5050-exec-10] o.s.s.w.a.logout.LogoutFilter            : Did not match request to Or [PathPattern [GET /logout], PathPattern [POST /logout], PathPattern [PUT /logout], PathPattern [DELETE /logout]]
2026-08-21T20:56:40.732+03:00 TRACE 7284 --- [library] [io-5050-exec-10] o.s.security.web.FilterChainProxy        : Invoking JwtAuthFilter (6/12)
2026-08-21T20:56:40.738+03:00 TRACE 7284 --- [library] [io-5050-exec-10] .s.s.w.c.SupplierDeferredSecurityContext : Created SecurityContextImpl [Null authentication]
Hibernate: select u1_0.id,u1_0.email,u1_0.name,u1_0.password,u1_0.role from users u1_0 where u1_0.email=?
2026-08-21T20:56:40.747+03:00 TRACE 7284 --- [library] [io-5050-exec-10] o.s.security.web.FilterChainProxy        : Invoking RequestCacheAwareFilter (7/12)
2026-08-21T20:56:40.747+03:00 TRACE 7284 --- [library] [io-5050-exec-10] o.s.security.web.FilterChainProxy        : Invoking SecurityContextHolderAwareRequestFilter (8/12)
2026-08-21T20:56:40.748+03:00 TRACE 7284 --- [library] [io-5050-exec-10] o.s.security.web.FilterChainProxy        : Invoking AnonymousAuthenticationFilter (9/12)
2026-08-21T20:56:40.748+03:00 TRACE 7284 --- [library] [io-5050-exec-10] o.s.security.web.FilterChainProxy        : Invoking SessionManagementFilter (10/12)
2026-08-21T20:56:40.749+03:00 TRACE 7284 --- [library] [io-5050-exec-10] o.s.s.w.a.AnonymousAuthenticationFilter  : Did not set SecurityContextHolder since already authenticated UsernamePasswordAuthenticationToken [Principal=User(id=13, name=Test User, email=test@example.com, password=$2a$10$/E99rsKfKX2o118lTpIPP.y/mU88iht6TNzF3rg8wHTNy9gwE6MiO, role=ADMIN), Credentials=[PROTECTED], Authenticated=true, Details=WebAuthenticationDetails [RemoteIpAddress=0:0:0:0:0:0:0:1, SessionId=null], Granted Authorities=[Role_ADMIN]]
2026-08-21T20:56:40.750+03:00 TRACE 7284 --- [library] [io-5050-exec-10] s.CompositeSessionAuthenticationStrategy : Preparing session with ChangeSessionIdAuthenticationStrategy (1/1)
2026-08-21T20:56:40.750+03:00 TRACE 7284 --- [library] [io-5050-exec-10] o.s.security.web.FilterChainProxy        : Invoking ExceptionTranslationFilter (11/12)
2026-08-21T20:56:40.751+03:00 TRACE 7284 --- [library] [io-5050-exec-10] o.s.security.web.FilterChainProxy        : Invoking AuthorizationFilter (12/12)
2026-08-21T20:56:40.751+03:00 TRACE 7284 --- [library] [io-5050-exec-10] estMatcherDelegatingAuthorizationManager : Authorizing POST /api/authors
2026-08-21T20:56:40.752+03:00 TRACE 7284 --- [library] [io-5050-exec-10] estMatcherDelegatingAuthorizationManager : Checking authorization on POST /api/authors using org.springframework.security.authorization.AuthenticatedAuthorizationManager@7b7ecddb
2026-08-21T20:56:40.753+03:00 DEBUG 7284 --- [library] [io-5050-exec-10] o.s.security.web.FilterChainProxy        : Secured POST /api/authors
Hibernate: insert into authors (name) values (?)
2026-08-21T20:56:40.821+03:00 TRACE 7284 --- [library] [io-5050-exec-10] o.s.s.w.header.writers.HstsHeaderWriter  : Not injecting HSTS header since it did not match request to [Is Secure]
2026-08-21T20:56:40.840+03:00 TRACE 7284 --- [library] [nio-5050-exec-2] o.s.security.web.FilterChainProxy        : Trying to match request against DefaultSecurityFilterChain defined as 'securityFilterChain' in [class path resource [org/library/security/SecurityConfig.class]] matching [any request] and having filters [DisableEncodeUrl, WebAsyncManagerIntegration, SecurityContextHolder, HeaderWriter, Logout, JwtAuth, RequestCacheAware, SecurityContextHolderAwareRequest, AnonymousAuthentication, SessionManagement, ExceptionTranslation, Authorization] (1/1)
2026-08-21T20:56:40.841+03:00 DEBUG 7284 --- [library] [nio-5050-exec-2] o.s.security.web.FilterChainProxy        : Securing GET /api/authors
2026-08-21T20:56:40.841+03:00 TRACE 7284 --- [library] [nio-5050-exec-2] o.s.security.web.FilterChainProxy        : Invoking DisableEncodeUrlFilter (1/12)
2026-08-21T20:56:40.842+03:00 TRACE 7284 --- [library] [nio-5050-exec-2] o.s.security.web.FilterChainProxy        : Invoking WebAsyncManagerIntegrationFilter (2/12)
2026-08-21T20:56:40.842+03:00 TRACE 7284 --- [library] [nio-5050-exec-2] o.s.security.web.FilterChainProxy        : Invoking SecurityContextHolderFilter (3/12)
2026-08-21T20:56:40.843+03:00 TRACE 7284 --- [library] [nio-5050-exec-2] o.s.security.web.FilterChainProxy        : Invoking HeaderWriterFilter (4/12)
2026-08-21T20:56:40.843+03:00 TRACE 7284 --- [library] [nio-5050-exec-2] o.s.security.web.FilterChainProxy        : Invoking LogoutFilter (5/12)
2026-08-21T20:56:40.843+03:00 TRACE 7284 --- [library] [nio-5050-exec-2] o.s.s.w.a.logout.LogoutFilter            : Did not match request to Or [PathPattern [GET /logout], PathPattern [POST /logout], PathPattern [PUT /logout], PathPattern [DELETE /logout]]
2026-08-21T20:56:40.844+03:00 TRACE 7284 --- [library] [nio-5050-exec-2] o.s.security.web.FilterChainProxy        : Invoking JwtAuthFilter (6/12)
2026-08-21T20:56:40.845+03:00 TRACE 7284 --- [library] [nio-5050-exec-2] .s.s.w.c.SupplierDeferredSecurityContext : Created SecurityContextImpl [Null authentication]
Hibernate: select u1_0.id,u1_0.email,u1_0.name,u1_0.password,u1_0.role from users u1_0 where u1_0.email=?
2026-08-21T20:56:40.863+03:00 TRACE 7284 --- [library] [nio-5050-exec-2] o.s.security.web.FilterChainProxy        : Invoking RequestCacheAwareFilter (7/12)
2026-08-21T20:56:40.864+03:00 TRACE 7284 --- [library] [nio-5050-exec-2] o.s.security.web.FilterChainProxy        : Invoking SecurityContextHolderAwareRequestFilter (8/12)
2026-08-21T20:56:40.864+03:00 TRACE 7284 --- [library] [nio-5050-exec-2] o.s.security.web.FilterChainProxy        : Invoking AnonymousAuthenticationFilter (9/12)
2026-08-21T20:56:40.864+03:00 TRACE 7284 --- [library] [nio-5050-exec-2] o.s.security.web.FilterChainProxy        : Invoking SessionManagementFilter (10/12)
2026-08-21T20:56:40.865+03:00 TRACE 7284 --- [library] [nio-5050-exec-2] o.s.s.w.a.AnonymousAuthenticationFilter  : Did not set SecurityContextHolder since already authenticated UsernamePasswordAuthenticationToken [Principal=User(id=13, name=Test User, email=test@example.com, password=$2a$10$/E99rsKfKX2o118lTpIPP.y/mU88iht6TNzF3rg8wHTNy9gwE6MiO, role=ADMIN), Credentials=[PROTECTED], Authenticated=true, Details=WebAuthenticationDetails [RemoteIpAddress=0:0:0:0:0:0:0:1, SessionId=null], Granted Authorities=[Role_ADMIN]]
2026-08-21T20:56:40.865+03:00 TRACE 7284 --- [library] [nio-5050-exec-2] s.CompositeSessionAuthenticationStrategy : Preparing session with ChangeSessionIdAuthenticationStrategy (1/1)
2026-08-21T20:56:40.865+03:00 TRACE 7284 --- [library] [nio-5050-exec-2] o.s.security.web.FilterChainProxy        : Invoking ExceptionTranslationFilter (11/12)
2026-08-21T20:56:40.866+03:00 TRACE 7284 --- [library] [nio-5050-exec-2] o.s.security.web.FilterChainProxy        : Invoking AuthorizationFilter (12/12)
2026-08-21T20:56:40.866+03:00 TRACE 7284 --- [library] [nio-5050-exec-2] estMatcherDelegatingAuthorizationManager : Authorizing GET /api/authors
2026-08-21T20:56:40.866+03:00 TRACE 7284 --- [library] [nio-5050-exec-2] estMatcherDelegatingAuthorizationManager : Checking authorization on GET /api/authors using org.springframework.security.authorization.AuthenticatedAuthorizationManager@7b7ecddb
2026-08-21T20:56:40.867+03:00 DEBUG 7284 --- [library] [nio-5050-exec-2] o.s.security.web.FilterChainProxy        : Secured GET /api/authors
Hibernate: select a1_0.id,a1_0.name from authors a1_0
2026-08-21T20:56:40.880+03:00 TRACE 7284 --- [library] [nio-5050-exec-2] o.s.s.w.header.writers.HstsHeaderWriter  : Not injecting HSTS header since it did not match request to [Is Secure]
2026-08-21T20:57:47.824+03:00 TRACE 7284 --- [library] [nio-5050-exec-1] o.s.security.web.FilterChainProxy        : Trying to match request against DefaultSecurityFilterChain defined as 'securityFilterChain' in [class path resource [org/library/security/SecurityConfig.class]] matching [any request] and having filters [DisableEncodeUrl, WebAsyncManagerIntegration, SecurityContextHolder, HeaderWriter, Logout, JwtAuth, RequestCacheAware, SecurityContextHolderAwareRequest, AnonymousAuthentication, SessionManagement, ExceptionTranslation, Authorization] (1/1)
2026-08-21T20:57:47.829+03:00 DEBUG 7284 --- [library] [nio-5050-exec-1] o.s.security.web.FilterChainProxy        : Securing POST /api/authors
2026-08-21T20:57:47.830+03:00 TRACE 7284 --- [library] [nio-5050-exec-1] o.s.security.web.FilterChainProxy        : Invoking DisableEncodeUrlFilter (1/12)
2026-08-21T20:57:47.833+03:00 TRACE 7284 --- [library] [nio-5050-exec-1] o.s.security.web.FilterChainProxy        : Invoking WebAsyncManagerIntegrationFilter (2/12)
2026-08-21T20:57:47.833+03:00 TRACE 7284 --- [library] [nio-5050-exec-1] o.s.security.web.FilterChainProxy        : Invoking SecurityContextHolderFilter (3/12)
2026-08-21T20:57:47.834+03:00 TRACE 7284 --- [library] [nio-5050-exec-1] o.s.security.web.FilterChainProxy        : Invoking HeaderWriterFilter (4/12)
2026-08-21T20:57:47.834+03:00 TRACE 7284 --- [library] [nio-5050-exec-1] o.s.security.web.FilterChainProxy        : Invoking LogoutFilter (5/12)
2026-08-21T20:57:47.834+03:00 TRACE 7284 --- [library] [nio-5050-exec-1] o.s.s.w.a.logout.LogoutFilter            : Did not match request to Or [PathPattern [GET /logout], PathPattern [POST /logout], PathPattern [PUT /logout], PathPattern [DELETE /logout]]
2026-08-21T20:57:47.834+03:00 TRACE 7284 --- [library] [nio-5050-exec-1] o.s.security.web.FilterChainProxy        : Invoking JwtAuthFilter (6/12)
2026-08-21T20:57:47.836+03:00 TRACE 7284 --- [library] [nio-5050-exec-1] .s.s.w.c.SupplierDeferredSecurityContext : Created SecurityContextImpl [Null authentication]
Hibernate: select u1_0.id,u1_0.email,u1_0.name,u1_0.password,u1_0.role from users u1_0 where u1_0.email=?
2026-08-21T20:57:47.860+03:00 TRACE 7284 --- [library] [nio-5050-exec-1] o.s.security.web.FilterChainProxy        : Invoking RequestCacheAwareFilter (7/12)
2026-08-21T20:57:47.861+03:00 TRACE 7284 --- [library] [nio-5050-exec-1] o.s.security.web.FilterChainProxy        : Invoking SecurityContextHolderAwareRequestFilter (8/12)
2026-08-21T20:57:47.861+03:00 TRACE 7284 --- [library] [nio-5050-exec-1] o.s.security.web.FilterChainProxy        : Invoking AnonymousAuthenticationFilter (9/12)
2026-08-21T20:57:47.861+03:00 TRACE 7284 --- [library] [nio-5050-exec-1] o.s.security.web.FilterChainProxy        : Invoking SessionManagementFilter (10/12)
2026-08-21T20:57:47.862+03:00 TRACE 7284 --- [library] [nio-5050-exec-1] o.s.s.w.a.AnonymousAuthenticationFilter  : Did not set SecurityContextHolder since already authenticated UsernamePasswordAuthenticationToken [Principal=User(id=13, name=Test User, email=test@example.com, password=$2a$10$/E99rsKfKX2o118lTpIPP.y/mU88iht6TNzF3rg8wHTNy9gwE6MiO, role=ADMIN), Credentials=[PROTECTED], Authenticated=true, Details=WebAuthenticationDetails [RemoteIpAddress=0:0:0:0:0:0:0:1, SessionId=null], Granted Authorities=[Role_ADMIN]]
2026-08-21T20:57:47.862+03:00 TRACE 7284 --- [library] [nio-5050-exec-1] s.CompositeSessionAuthenticationStrategy : Preparing session with ChangeSessionIdAuthenticationStrategy (1/1)
2026-08-21T20:57:47.862+03:00 TRACE 7284 --- [library] [nio-5050-exec-1] o.s.security.web.FilterChainProxy        : Invoking ExceptionTranslationFilter (11/12)
2026-08-21T20:57:47.863+03:00 TRACE 7284 --- [library] [nio-5050-exec-1] o.s.security.web.FilterChainProxy        : Invoking AuthorizationFilter (12/12)
2026-08-21T20:57:47.863+03:00 TRACE 7284 --- [library] [nio-5050-exec-1] estMatcherDelegatingAuthorizationManager : Authorizing POST /api/authors
2026-08-21T20:57:47.863+03:00 TRACE 7284 --- [library] [nio-5050-exec-1] estMatcherDelegatingAuthorizationManager : Checking authorization on POST /api/authors using org.springframework.security.authorization.AuthenticatedAuthorizationManager@7b7ecddb
2026-08-21T20:57:47.864+03:00 DEBUG 7284 --- [library] [nio-5050-exec-1] o.s.security.web.FilterChainProxy        : Secured POST /api/authors
Hibernate: insert into authors (name) values (?)
2026-08-21T20:57:47.886+03:00 TRACE 7284 --- [library] [nio-5050-exec-1] o.s.s.w.header.writers.HstsHeaderWriter  : Not injecting HSTS header since it did not match request to [Is Secure]
2026-08-21T20:57:47.908+03:00 TRACE 7284 --- [library] [nio-5050-exec-6] o.s.security.web.FilterChainProxy        : Trying to match request against DefaultSecurityFilterChain defined as 'securityFilterChain' in [class path resource [org/library/security/SecurityConfig.class]] matching [any request] and having filters [DisableEncodeUrl, WebAsyncManagerIntegration, SecurityContextHolder, HeaderWriter, Logout, JwtAuth, RequestCacheAware, SecurityContextHolderAwareRequest, AnonymousAuthentication, SessionManagement, ExceptionTranslation, Authorization] (1/1)
2026-08-21T20:57:47.909+03:00 DEBUG 7284 --- [library] [nio-5050-exec-6] o.s.security.web.FilterChainProxy        : Securing GET /api/authors
2026-08-21T20:57:47.910+03:00 TRACE 7284 --- [library] [nio-5050-exec-6] o.s.security.web.FilterChainProxy        : Invoking DisableEncodeUrlFilter (1/12)
2026-08-21T20:57:47.911+03:00 TRACE 7284 --- [library] [nio-5050-exec-6] o.s.security.web.FilterChainProxy        : Invoking WebAsyncManagerIntegrationFilter (2/12)
2026-08-21T20:57:47.912+03:00 TRACE 7284 --- [library] [nio-5050-exec-6] o.s.security.web.FilterChainProxy        : Invoking SecurityContextHolderFilter (3/12)
2026-08-21T20:57:47.913+03:00 TRACE 7284 --- [library] [nio-5050-exec-6] o.s.security.web.FilterChainProxy        : Invoking HeaderWriterFilter (4/12)
2026-08-21T20:57:47.913+03:00 TRACE 7284 --- [library] [nio-5050-exec-6] o.s.security.web.FilterChainProxy        : Invoking LogoutFilter (5/12)
2026-08-21T20:57:47.914+03:00 TRACE 7284 --- [library] [nio-5050-exec-6] o.s.s.w.a.logout.LogoutFilter            : Did not match request to Or [PathPattern [GET /logout], PathPattern [POST /logout], PathPattern [PUT /logout], PathPattern [DELETE /logout]]
2026-08-21T20:57:47.914+03:00 TRACE 7284 --- [library] [nio-5050-exec-6] o.s.security.web.FilterChainProxy        : Invoking JwtAuthFilter (6/12)
2026-08-21T20:57:47.916+03:00 TRACE 7284 --- [library] [nio-5050-exec-6] .s.s.w.c.SupplierDeferredSecurityContext : Created SecurityContextImpl [Null authentication]
Hibernate: select u1_0.id,u1_0.email,u1_0.name,u1_0.password,u1_0.role from users u1_0 where u1_0.email=?
2026-08-21T20:57:47.924+03:00 TRACE 7284 --- [library] [nio-5050-exec-6] o.s.security.web.FilterChainProxy        : Invoking RequestCacheAwareFilter (7/12)
2026-08-21T20:57:47.925+03:00 TRACE 7284 --- [library] [nio-5050-exec-6] o.s.security.web.FilterChainProxy        : Invoking SecurityContextHolderAwareRequestFilter (8/12)
2026-08-21T20:57:47.925+03:00 TRACE 7284 --- [library] [nio-5050-exec-6] o.s.security.web.FilterChainProxy        : Invoking AnonymousAuthenticationFilter (9/12)
2026-08-21T20:57:47.926+03:00 TRACE 7284 --- [library] [nio-5050-exec-6] o.s.security.web.FilterChainProxy        : Invoking SessionManagementFilter (10/12)
2026-08-21T20:57:47.926+03:00 TRACE 7284 --- [library] [nio-5050-exec-6] o.s.s.w.a.AnonymousAuthenticationFilter  : Did not set SecurityContextHolder since already authenticated UsernamePasswordAuthenticationToken [Principal=User(id=13, name=Test User, email=test@example.com, password=$2a$10$/E99rsKfKX2o118lTpIPP.y/mU88iht6TNzF3rg8wHTNy9gwE6MiO, role=ADMIN), Credentials=[PROTECTED], Authenticated=true, Details=WebAuthenticationDetails [RemoteIpAddress=0:0:0:0:0:0:0:1, SessionId=null], Granted Authorities=[Role_ADMIN]]
2026-08-21T20:57:47.927+03:00 TRACE 7284 --- [library] [nio-5050-exec-6] s.CompositeSessionAuthenticationStrategy : Preparing session with ChangeSessionIdAuthenticationStrategy (1/1)
2026-08-21T20:57:47.927+03:00 TRACE 7284 --- [library] [nio-5050-exec-6] o.s.security.web.FilterChainProxy        : Invoking ExceptionTranslationFilter (11/12)
2026-08-21T20:57:47.927+03:00 TRACE 7284 --- [library] [nio-5050-exec-6] o.s.security.web.FilterChainProxy        : Invoking AuthorizationFilter (12/12)
2026-08-21T20:57:47.928+03:00 TRACE 7284 --- [library] [nio-5050-exec-6] estMatcherDelegatingAuthorizationManager : Authorizing GET /api/authors
2026-08-21T20:57:47.928+03:00 TRACE 7284 --- [library] [nio-5050-exec-6] estMatcherDelegatingAuthorizationManager : Checking authorization on GET /api/authors using org.springframework.security.authorization.AuthenticatedAuthorizationManager@7b7ecddb
2026-08-21T20:57:47.929+03:00 DEBUG 7284 --- [library] [nio-5050-exec-6] o.s.security.web.FilterChainProxy        : Secured GET /api/authors
Hibernate: select a1_0.id,a1_0.name from authors a1_0
2026-08-21T20:57:47.944+03:00 TRACE 7284 --- [library] [nio-5050-exec-6] o.s.s.w.header.writers.HstsHeaderWriter  : Not injecting HSTS header since it did not match request to [Is Secure]
2026-08-21T21:00:15.130+03:00 TRACE 7284 --- [library] [nio-5050-exec-7] o.s.security.web.FilterChainProxy        : Trying to match request against DefaultSecurityFilterChain defined as 'securityFilterChain' in [class path resource [org/library/security/SecurityConfig.class]] matching [any request] and having filters [DisableEncodeUrl, WebAsyncManagerIntegration, SecurityContextHolder, HeaderWriter, Logout, JwtAuth, RequestCacheAware, SecurityContextHolderAwareRequest, AnonymousAuthentication, SessionManagement, ExceptionTranslation, Authorization] (1/1)
2026-08-21T21:00:15.131+03:00 DEBUG 7284 --- [library] [nio-5050-exec-7] o.s.security.web.FilterChainProxy        : Securing GET /api/authors
2026-08-21T21:00:15.132+03:00 TRACE 7284 --- [library] [nio-5050-exec-7] o.s.security.web.FilterChainProxy        : Invoking DisableEncodeUrlFilter (1/12)
2026-08-21T21:00:15.132+03:00 TRACE 7284 --- [library] [nio-5050-exec-7] o.s.security.web.FilterChainProxy        : Invoking WebAsyncManagerIntegrationFilter (2/12)
2026-08-21T21:00:15.133+03:00 TRACE 7284 --- [library] [nio-5050-exec-7] o.s.security.web.FilterChainProxy        : Invoking SecurityContextHolderFilter (3/12)
2026-08-21T21:00:15.134+03:00 TRACE 7284 --- [library] [nio-5050-exec-7] o.s.security.web.FilterChainProxy        : Invoking HeaderWriterFilter (4/12)
2026-08-21T21:00:15.134+03:00 TRACE 7284 --- [library] [nio-5050-exec-7] o.s.security.web.FilterChainProxy        : Invoking LogoutFilter (5/12)
2026-08-21T21:00:15.135+03:00 TRACE 7284 --- [library] [nio-5050-exec-7] o.s.s.w.a.logout.LogoutFilter            : Did not match request to Or [PathPattern [GET /logout], PathPattern [POST /logout], PathPattern [PUT /logout], PathPattern [DELETE /logout]]
2026-08-21T21:00:15.135+03:00 TRACE 7284 --- [library] [nio-5050-exec-7] o.s.security.web.FilterChainProxy        : Invoking JwtAuthFilter (6/12)
2026-08-21T21:00:15.137+03:00 TRACE 7284 --- [library] [nio-5050-exec-7] .s.s.w.c.SupplierDeferredSecurityContext : Created SecurityContextImpl [Null authentication]
Hibernate: select u1_0.id,u1_0.email,u1_0.name,u1_0.password,u1_0.role from users u1_0 where u1_0.email=?
2026-08-21T21:00:15.195+03:00 TRACE 7284 --- [library] [nio-5050-exec-7] o.s.security.web.FilterChainProxy        : Invoking RequestCacheAwareFilter (7/12)
2026-08-21T21:00:15.196+03:00 TRACE 7284 --- [library] [nio-5050-exec-7] o.s.security.web.FilterChainProxy        : Invoking SecurityContextHolderAwareRequestFilter (8/12)
2026-08-21T21:00:15.196+03:00 TRACE 7284 --- [library] [nio-5050-exec-7] o.s.security.web.FilterChainProxy        : Invoking AnonymousAuthenticationFilter (9/12)
2026-08-21T21:00:15.196+03:00 TRACE 7284 --- [library] [nio-5050-exec-7] o.s.security.web.FilterChainProxy        : Invoking SessionManagementFilter (10/12)
2026-08-21T21:00:15.197+03:00 TRACE 7284 --- [library] [nio-5050-exec-7] o.s.s.w.a.AnonymousAuthenticationFilter  : Did not set SecurityContextHolder since already authenticated UsernamePasswordAuthenticationToken [Principal=User(id=13, name=Test User, email=test@example.com, password=$2a$10$/E99rsKfKX2o118lTpIPP.y/mU88iht6TNzF3rg8wHTNy9gwE6MiO, role=ADMIN), Credentials=[PROTECTED], Authenticated=true, Details=WebAuthenticationDetails [RemoteIpAddress=0:0:0:0:0:0:0:1, SessionId=null], Granted Authorities=[Role_ADMIN]]
2026-08-21T21:00:15.197+03:00 TRACE 7284 --- [library] [nio-5050-exec-7] s.CompositeSessionAuthenticationStrategy : Preparing session with ChangeSessionIdAuthenticationStrategy (1/1)
2026-08-21T21:00:15.197+03:00 TRACE 7284 --- [library] [nio-5050-exec-7] o.s.security.web.FilterChainProxy        : Invoking ExceptionTranslationFilter (11/12)
2026-08-21T21:00:15.198+03:00 TRACE 7284 --- [library] [nio-5050-exec-7] o.s.security.web.FilterChainProxy        : Invoking AuthorizationFilter (12/12)
2026-08-21T21:00:15.198+03:00 TRACE 7284 --- [library] [nio-5050-exec-7] estMatcherDelegatingAuthorizationManager : Authorizing GET /api/authors
2026-08-21T21:00:15.198+03:00 TRACE 7284 --- [library] [nio-5050-exec-7] estMatcherDelegatingAuthorizationManager : Checking authorization on GET /api/authors using org.springframework.security.authorization.AuthenticatedAuthorizationManager@7b7ecddb
2026-08-21T21:00:15.198+03:00 DEBUG 7284 --- [library] [nio-5050-exec-7] o.s.security.web.FilterChainProxy        : Secured GET /api/authors
Hibernate: select a1_0.id,a1_0.name from authors a1_0
2026-08-21T21:00:15.214+03:00 TRACE 7284 --- [library] [nio-5050-exec-7] o.s.s.w.header.writers.HstsHeaderWriter  : Not injecting HSTS header since it did not match request to [Is Secure]
2026-08-21T21:00:41.473+03:00 TRACE 7284 --- [library] [nio-5050-exec-4] o.s.security.web.FilterChainProxy        : Trying to match request against DefaultSecurityFilterChain defined as 'securityFilterChain' in [class path resource [org/library/security/SecurityConfig.class]] matching [any request] and having filters [DisableEncodeUrl, WebAsyncManagerIntegration, SecurityContextHolder, HeaderWriter, Logout, JwtAuth, RequestCacheAware, SecurityContextHolderAwareRequest, AnonymousAuthentication, SessionManagement, ExceptionTranslation, Authorization] (1/1)
2026-08-21T21:00:41.474+03:00 DEBUG 7284 --- [library] [nio-5050-exec-4] o.s.security.web.FilterChainProxy        : Securing GET /api/authors
2026-08-21T21:00:41.474+03:00 TRACE 7284 --- [library] [nio-5050-exec-4] o.s.security.web.FilterChainProxy        : Invoking DisableEncodeUrlFilter (1/12)
2026-08-21T21:00:41.474+03:00 TRACE 7284 --- [library] [nio-5050-exec-4] o.s.security.web.FilterChainProxy        : Invoking WebAsyncManagerIntegrationFilter (2/12)
2026-08-21T21:00:41.475+03:00 TRACE 7284 --- [library] [nio-5050-exec-4] o.s.security.web.FilterChainProxy        : Invoking SecurityContextHolderFilter (3/12)
2026-08-21T21:00:41.475+03:00 TRACE 7284 --- [library] [nio-5050-exec-4] o.s.security.web.FilterChainProxy        : Invoking HeaderWriterFilter (4/12)
2026-08-21T21:00:41.475+03:00 TRACE 7284 --- [library] [nio-5050-exec-4] o.s.security.web.FilterChainProxy        : Invoking LogoutFilter (5/12)
2026-08-21T21:00:41.476+03:00 TRACE 7284 --- [library] [nio-5050-exec-4] o.s.s.w.a.logout.LogoutFilter            : Did not match request to Or [PathPattern [GET /logout], PathPattern [POST /logout], PathPattern [PUT /logout], PathPattern [DELETE /logout]]
2026-08-21T21:00:41.476+03:00 TRACE 7284 --- [library] [nio-5050-exec-4] o.s.security.web.FilterChainProxy        : Invoking JwtAuthFilter (6/12)
2026-08-21T21:00:41.477+03:00 TRACE 7284 --- [library] [nio-5050-exec-4] .s.s.w.c.SupplierDeferredSecurityContext : Created SecurityContextImpl [Null authentication]
Hibernate: select u1_0.id,u1_0.email,u1_0.name,u1_0.password,u1_0.role from users u1_0 where u1_0.email=?
2026-08-21T21:00:41.510+03:00 TRACE 7284 --- [library] [nio-5050-exec-4] o.s.security.web.FilterChainProxy        : Invoking RequestCacheAwareFilter (7/12)
2026-08-21T21:00:41.511+03:00 TRACE 7284 --- [library] [nio-5050-exec-4] o.s.security.web.FilterChainProxy        : Invoking SecurityContextHolderAwareRequestFilter (8/12)
2026-08-21T21:00:41.511+03:00 TRACE 7284 --- [library] [nio-5050-exec-4] o.s.security.web.FilterChainProxy        : Invoking AnonymousAuthenticationFilter (9/12)
2026-08-21T21:00:41.512+03:00 TRACE 7284 --- [library] [nio-5050-exec-4] o.s.security.web.FilterChainProxy        : Invoking SessionManagementFilter (10/12)
2026-08-21T21:00:41.512+03:00 TRACE 7284 --- [library] [nio-5050-exec-4] o.s.s.w.a.AnonymousAuthenticationFilter  : Did not set SecurityContextHolder since already authenticated UsernamePasswordAuthenticationToken [Principal=User(id=13, name=Test User, email=test@example.com, password=$2a$10$/E99rsKfKX2o118lTpIPP.y/mU88iht6TNzF3rg8wHTNy9gwE6MiO, role=ADMIN), Credentials=[PROTECTED], Authenticated=true, Details=WebAuthenticationDetails [RemoteIpAddress=0:0:0:0:0:0:0:1, SessionId=null], Granted Authorities=[Role_ADMIN]]
2026-08-21T21:00:41.513+03:00 TRACE 7284 --- [library] [nio-5050-exec-4] s.CompositeSessionAuthenticationStrategy : Preparing session with ChangeSessionIdAuthenticationStrategy (1/1)
2026-08-21T21:00:41.514+03:00 TRACE 7284 --- [library] [nio-5050-exec-4] o.s.security.web.FilterChainProxy        : Invoking ExceptionTranslationFilter (11/12)
2026-08-21T21:00:41.514+03:00 TRACE 7284 --- [library] [nio-5050-exec-4] o.s.security.web.FilterChainProxy        : Invoking AuthorizationFilter (12/12)
2026-08-21T21:00:41.514+03:00 TRACE 7284 --- [library] [nio-5050-exec-4] estMatcherDelegatingAuthorizationManager : Authorizing GET /api/authors
2026-08-21T21:00:41.515+03:00 TRACE 7284 --- [library] [nio-5050-exec-4] estMatcherDelegatingAuthorizationManager : Checking authorization on GET /api/authors using org.springframework.security.authorization.AuthenticatedAuthorizationManager@7b7ecddb
2026-08-21T21:00:41.515+03:00 DEBUG 7284 --- [library] [nio-5050-exec-4] o.s.security.web.FilterChainProxy        : Secured GET /api/authors
Hibernate: select a1_0.id,a1_0.name from authors a1_0
2026-08-21T21:00:41.537+03:00 TRACE 7284 --- [library] [nio-5050-exec-4] o.s.s.w.header.writers.HstsHeaderWriter  : Not injecting HSTS header since it did not match request to [Is Secure]
2026-08-21T21:05:38.121+03:00 TRACE 7284 --- [library] [nio-5050-exec-3] o.s.security.web.FilterChainProxy        : Trying to match request against DefaultSecurityFilterChain defined as 'securityFilterChain' in [class path resource [org/library/security/SecurityConfig.class]] matching [any request] and having filters [DisableEncodeUrl, WebAsyncManagerIntegration, SecurityContextHolder, HeaderWriter, Logout, JwtAuth, RequestCacheAware, SecurityContextHolderAwareRequest, AnonymousAuthentication, SessionManagement, ExceptionTranslation, Authorization] (1/1)
2026-08-21T21:05:38.121+03:00 DEBUG 7284 --- [library] [nio-5050-exec-3] o.s.security.web.FilterChainProxy        : Securing GET /api/authors
2026-08-21T21:05:38.122+03:00 TRACE 7284 --- [library] [nio-5050-exec-3] o.s.security.web.FilterChainProxy        : Invoking DisableEncodeUrlFilter (1/12)
2026-08-21T21:05:38.122+03:00 TRACE 7284 --- [library] [nio-5050-exec-3] o.s.security.web.FilterChainProxy        : Invoking WebAsyncManagerIntegrationFilter (2/12)
2026-08-21T21:05:38.122+03:00 TRACE 7284 --- [library] [nio-5050-exec-3] o.s.security.web.FilterChainProxy        : Invoking SecurityContextHolderFilter (3/12)
2026-08-21T21:05:38.123+03:00 TRACE 7284 --- [library] [nio-5050-exec-3] o.s.security.web.FilterChainProxy        : Invoking HeaderWriterFilter (4/12)
2026-08-21T21:05:38.123+03:00 TRACE 7284 --- [library] [nio-5050-exec-3] o.s.security.web.FilterChainProxy        : Invoking LogoutFilter (5/12)
2026-08-21T21:05:38.123+03:00 TRACE 7284 --- [library] [nio-5050-exec-3] o.s.s.w.a.logout.LogoutFilter            : Did not match request to Or [PathPattern [GET /logout], PathPattern [POST /logout], PathPattern [PUT /logout], PathPattern [DELETE /logout]]
2026-08-21T21:05:38.124+03:00 TRACE 7284 --- [library] [nio-5050-exec-3] o.s.security.web.FilterChainProxy        : Invoking JwtAuthFilter (6/12)
2026-08-21T21:05:38.125+03:00 TRACE 7284 --- [library] [nio-5050-exec-3] .s.s.w.c.SupplierDeferredSecurityContext : Created SecurityContextImpl [Null authentication]
Hibernate: select u1_0.id,u1_0.email,u1_0.name,u1_0.password,u1_0.role from users u1_0 where u1_0.email=?
2026-08-21T21:05:38.201+03:00 TRACE 7284 --- [library] [nio-5050-exec-3] o.s.security.web.FilterChainProxy        : Invoking RequestCacheAwareFilter (7/12)
2026-08-21T21:05:38.202+03:00 TRACE 7284 --- [library] [nio-5050-exec-3] o.s.security.web.FilterChainProxy        : Invoking SecurityContextHolderAwareRequestFilter (8/12)
2026-08-21T21:05:38.202+03:00 TRACE 7284 --- [library] [nio-5050-exec-3] o.s.security.web.FilterChainProxy        : Invoking AnonymousAuthenticationFilter (9/12)
2026-08-21T21:05:38.202+03:00 TRACE 7284 --- [library] [nio-5050-exec-3] o.s.security.web.FilterChainProxy        : Invoking SessionManagementFilter (10/12)
2026-08-21T21:05:38.203+03:00 TRACE 7284 --- [library] [nio-5050-exec-3] o.s.s.w.a.AnonymousAuthenticationFilter  : Did not set SecurityContextHolder since already authenticated UsernamePasswordAuthenticationToken [Principal=User(id=13, name=Test User, email=test@example.com, password=$2a$10$/E99rsKfKX2o118lTpIPP.y/mU88iht6TNzF3rg8wHTNy9gwE6MiO, role=ADMIN), Credentials=[PROTECTED], Authenticated=true, Details=WebAuthenticationDetails [RemoteIpAddress=0:0:0:0:0:0:0:1, SessionId=null], Granted Authorities=[Role_ADMIN]]
2026-08-21T21:05:38.203+03:00 TRACE 7284 --- [library] [nio-5050-exec-3] s.CompositeSessionAuthenticationStrategy : Preparing session with ChangeSessionIdAuthenticationStrategy (1/1)
2026-08-21T21:05:38.204+03:00 TRACE 7284 --- [library] [nio-5050-exec-3] o.s.security.web.FilterChainProxy        : Invoking ExceptionTranslationFilter (11/12)
2026-08-21T21:05:38.204+03:00 TRACE 7284 --- [library] [nio-5050-exec-3] o.s.security.web.FilterChainProxy        : Invoking AuthorizationFilter (12/12)
2026-08-21T21:05:38.204+03:00 TRACE 7284 --- [library] [nio-5050-exec-3] estMatcherDelegatingAuthorizationManager : Authorizing GET /api/authors
2026-08-21T21:05:38.205+03:00 TRACE 7284 --- [library] [nio-5050-exec-3] estMatcherDelegatingAuthorizationManager : Checking authorization on GET /api/authors using org.springframework.security.authorization.AuthenticatedAuthorizationManager@7b7ecddb
2026-08-21T21:05:38.205+03:00 DEBUG 7284 --- [library] [nio-5050-exec-3] o.s.security.web.FilterChainProxy        : Secured GET /api/authors
Hibernate: select a1_0.id,a1_0.name from authors a1_0
2026-08-21T21:05:38.221+03:00 TRACE 7284 --- [library] [nio-5050-exec-3] o.s.s.w.header.writers.HstsHeaderWriter  : Not injecting HSTS header since it did not match request to [Is Secure]
2026-08-21T21:05:55.409+03:00  INFO 7284 --- [library] [   File Watcher] rtingClassPathChangeChangedEventListener : Restarting due to 58 class path changes (0 additions, 58 deletions, 0 modifications)
2026-08-21T21:05:55.437+03:00  INFO 7284 --- [library] [       Thread-1] o.s.boot.tomcat.GracefulShutdown         : Commencing graceful shutdown. Waiting for active requests to complete
2026-08-21T21:05:55.456+03:00  INFO 7284 --- [library] [tomcat-shutdown] o.s.boot.tomcat.GracefulShutdown         : Graceful shutdown complete
2026-08-21T21:05:55.473+03:00  INFO 7284 --- [library] [       Thread-1] j.LocalContainerEntityManagerFactoryBean : Closing JPA EntityManagerFactory for persistence unit 'default'
2026-08-21T21:05:55.485+03:00  INFO 7284 --- [library] [       Thread-1] com.zaxxer.hikari.HikariDataSource       : HikariPool-1 - Shutdown initiated...
2026-08-21T21:05:55.510+03:00  INFO 7284 --- [library] [       Thread-1] com.zaxxer.hikari.HikariDataSource       : HikariPool-1 - Shutdown completed.

  .   ____          _            __ _ _
 /\\ / ___'_ __ _ _(_)_ __  __ _ \ \ \ \
( ( )\___ | '_ | '_| | '_ \/ _` | \ \ \ \
 \\/  ___)| |_)| | | | | || (_| |  ) ) ) )
  '  |____| .__|_| |_|_| |_\__, | / / / /
 =========|_|==============|___/=/_/_/_/

 :: Spring Boot ::                (v4.0.6)

2026-08-21T21:05:55.902+03:00  INFO 7284 --- [library] [  restartedMain] org.library.LibraryApplication           : Starting LibraryApplication using Java 21.0.11 with PID 7284 (C:\Users\Moh7ammedFawzy\IdeaProjects\Spring-Boot-Library-Management\backend\target\classes started by Moh7ammedFawzy in C:\Users\Moh7ammedFawzy\IdeaProjects\Spring-Boot-Library-Management\backend)
2026-08-21T21:05:55.903+03:00  INFO 7284 --- [library] [  restartedMain] org.library.LibraryApplication           : No active profile set, falling back to 1 default profile: "default"
2026-08-21T21:05:57.349+03:00  INFO 7284 --- [library] [  restartedMain] .s.d.r.c.RepositoryConfigurationDelegate : Bootstrapping Spring Data JPA repositories in DEFAULT mode.
2026-08-21T21:05:57.365+03:00  INFO 7284 --- [library] [  restartedMain] .s.d.r.c.RepositoryConfigurationDelegate : Finished Spring Data repository scanning in 9 ms. Found 0 JPA repository interfaces.
2026-08-21T21:05:58.106+03:00  INFO 7284 --- [library] [  restartedMain] o.s.boot.tomcat.TomcatWebServer          : Tomcat initialized with port 5050 (http)
2026-08-21T21:05:58.111+03:00  INFO 7284 --- [library] [  restartedMain] o.apache.catalina.core.StandardService   : Starting service [Tomcat]
2026-08-21T21:05:58.112+03:00  INFO 7284 --- [library] [  restartedMain] o.apache.catalina.core.StandardEngine    : Starting Servlet engine: [Apache Tomcat/11.0.21]
2026-08-21T21:05:58.282+03:00  INFO 7284 --- [library] [  restartedMain] b.w.c.s.WebApplicationContextInitializer : Root WebApplicationContext: initialization completed in 2371 ms
2026-08-21T21:05:59.596+03:00  INFO 7284 --- [library] [  restartedMain] org.hibernate.orm.jpa                    : HHH008540: Processing PersistenceUnitInfo [name: default]
2026-08-21T21:06:00.369+03:00  INFO 7284 --- [library] [  restartedMain] o.s.o.j.p.SpringPersistenceUnitInfo      : No LoadTimeWeaver setup: ignoring JPA class transformer
2026-08-21T21:06:00.374+03:00  INFO 7284 --- [library] [  restartedMain] com.zaxxer.hikari.HikariDataSource       : HikariPool-2 - Starting...
2026-08-21T21:06:00.500+03:00  INFO 7284 --- [library] [  restartedMain] com.zaxxer.hikari.pool.HikariPool        : HikariPool-2 - Added connection ConnectionID:11 ClientConnectionId: 630d965c-223f-45a3-8a7d-9764e71c5b0f
2026-08-21T21:06:00.501+03:00  INFO 7284 --- [library] [  restartedMain] com.zaxxer.hikari.HikariDataSource       : HikariPool-2 - Start completed.
2026-08-21T21:06:00.837+03:00  INFO 7284 --- [library] [  restartedMain] org.hibernate.orm.connections.pooling    : HHH10001005: Database info:
	Database JDBC URL [jdbc:sqlserver://localhost:1433;concatNullYieldsNull=ON;quotedIdentifier=ON;connectRetryInterval=10;connectRetryCount=1;maxResultBuffer=-1;sendTemporalDataTypesAsStringForBulkCopy=true;delayLoadingLobs=true;useFmtOnly=false;vectorTypeSupport=v1;cacheBulkCopyMetadata=false;bulkCopyForBatchInsertAllowEncryptedValueModifications=false;bulkCopyForBatchInsertTableLock=false;bulkCopyForBatchInsertKeepNulls=false;bulkCopyForBatchInsertKeepIdentity=false;bulkCopyForBatchInsertFireTriggers=false;bulkCopyForBatchInsertCheckConstraints=false;bulkCopyForBatchInsertBatchSize=0;useBulkCopyForBatchInsert=false;cancelQueryTimeout=-1;sslProtocol=TLS;calcBigDecimalPrecision=false;useDefaultJaasConfig=false;jaasConfigurationName=SQLJDBCDriver;statementPoolingCacheSize=0;serverPreparedStatementDiscardThreshold=10;enablePrepareOnFirstPreparedStatementCall=false;fips=false;socketTimeout=0;authentication=NotSpecified;authenticationScheme=nativeAuthentication;xopenStates=false;datetimeParameterType=datetime2;sendTimeAsDatetime=true;replication=false;trustStoreType=JKS;trustServerCertificate=true;TransparentNetworkIPResolution=true;iPAddressPreference=IPv4First;serverNameAsACE=false;sendStringParametersAsUnicode=true;selectMethod=direct;responseBuffering=adaptive;queryTimeout=-1;packetSize=8000;multiSubnetFailover=false;loginTimeout=30;lockTimeout=-1;lastUpdateCount=true;useDefaultGSSCredential=false;prepareMethod=prepexec;encrypt=true;disableStatementPooling=true;databaseName=library;columnEncryptionSetting=Disabled;applicationName=Microsoft JDBC Driver for SQL Server;applicationIntent=readwrite;]
	Database driver: Microsoft JDBC Driver 13.2 for SQL Server
	Database dialect: SQLServerDialect
	Database version: 16.0
	Default catalog/schema: library/dbo
	Autocommit mode: undefined/unknown
	Isolation level: READ_COMMITTED [default READ_COMMITTED]
	JDBC fetch size: 128
	Pool: DataSourceConnectionProvider
	Minimum pool size: undefined/unknown
	Maximum pool size: undefined/unknown
2026-08-21T21:06:00.901+03:00  INFO 7284 --- [library] [  restartedMain] org.hibernate.orm.core                   : HHH000489: No JTA platform available (set 'hibernate.transaction.jta.platform' to enable JTA platform integration)
2026-08-21T21:06:00.907+03:00  INFO 7284 --- [library] [  restartedMain] j.LocalContainerEntityManagerFactoryBean : Initialized JPA EntityManagerFactory for persistence unit 'default'
2026-08-21T21:06:01.061+03:00  WARN 7284 --- [library] [  restartedMain] JpaBaseConfiguration$JpaWebConfiguration : spring.jpa.open-in-view is enabled by default. Therefore, database queries may be performed during view rendering. Explicitly configure spring.jpa.open-in-view to disable this warning
2026-08-21T21:06:01.592+03:00  WARN 7284 --- [library] [  restartedMain] .s.a.UserDetailsServiceAutoConfiguration : 

Using generated security password: 1a3cb8a4-a6ef-48a7-baa7-af945ef28714

This generated password is for development use only. Your security configuration must be updated before running your application in production.

2026-08-21T21:06:01.707+03:00 TRACE 7284 --- [library] [  restartedMain] eGlobalAuthenticationAutowiredConfigurer : Eagerly initializing {org.springframework.boot.security.autoconfigure.web.servlet.ServletWebSecurityAutoConfiguration$EnableWebSecurityConfiguration=org.springframework.boot.security.autoconfigure.web.servlet.ServletWebSecurityAutoConfiguration$EnableWebSecurityConfiguration@1a261adb}
2026-08-21T21:06:01.709+03:00  INFO 7284 --- [library] [  restartedMain] r$InitializeUserDetailsManagerConfigurer : Global AuthenticationManager configured with UserDetailsService bean with name inMemoryUserDetailsManager
2026-08-21T21:06:02.260+03:00 DEBUG 7284 --- [library] [  restartedMain] o.s.s.web.DefaultSecurityFilterChain     : Will secure any request with filters: DisableEncodeUrlFilter, WebAsyncManagerIntegrationFilter, SecurityContextHolderFilter, HeaderWriterFilter, CsrfFilter, LogoutFilter, UsernamePasswordAuthenticationFilter, DefaultResourcesFilter, DefaultLoginPageGeneratingFilter, DefaultLogoutPageGeneratingFilter, BasicAuthenticationFilter, RequestCacheAwareFilter, SecurityContextHolderAwareRequestFilter, AnonymousAuthenticationFilter, ExceptionTranslationFilter, AuthorizationFilter
2026-08-21T21:06:02.422+03:00  INFO 7284 --- [library] [  restartedMain] o.s.boot.tomcat.TomcatWebServer          : Tomcat started on port 5050 (http) with context path '/'
2026-08-21T21:06:02.434+03:00  INFO 7284 --- [library] [  restartedMain] org.library.LibraryApplication           : Started LibraryApplication in 6.686 seconds (process running for 1011.558)
2026-08-21T21:06:02.445+03:00  INFO 7284 --- [library] [  restartedMain] .ConditionEvaluationDeltaLoggingListener : Condition evaluation delta:


==========================
CONDITION EVALUATION DELTA
==========================


Positive matches:
-----------------

   ServletWebSecurityAutoConfiguration.EnableWebSecurityConfiguration matched:
      - @ConditionalOnClass found required class 'org.springframework.security.config.annotation.web.configuration.EnableWebSecurity' (OnClassCondition)
      - @ConditionalOnMissingBean (names: springSecurityFilterChain; SearchStrategy: all) did not find any beans (OnBeanCondition)

   ServletWebSecurityAutoConfiguration.SecurityFilterChainConfiguration matched:
      - AllNestedConditions 2 matched 0 did not; NestedCondition on DefaultWebSecurityCondition.Beans @ConditionalOnMissingBean (types: org.springframework.security.web.SecurityFilterChain; SearchStrategy: all) did not find any beans; NestedCondition on DefaultWebSecurityCondition.Classes @ConditionalOnClass found required classes 'org.springframework.security.web.SecurityFilterChain', 'org.springframework.security.config.annotation.web.builders.HttpSecurity' (DefaultWebSecurityCondition)

   UserDetailsServiceAutoConfiguration matched:
      - @ConditionalOnClass found required class 'org.springframework.security.authentication.AuthenticationManager' (OnClassCondition)
      - found 'session' scope (OnWebApplicationCondition)
      - AnyNestedCondition 1 matched 2 did not; NestedCondition on MissingAlternativeUserDetailsManagerOrUserPropertiesConfigured.PasswordConfigured @ConditionalOnProperty (spring.security.user.password) did not find property 'spring.security.user.password'; NestedCondition on MissingAlternativeUserDetailsManagerOrUserPropertiesConfigured.NameConfigured @ConditionalOnProperty (spring.security.user.name) did not find property 'spring.security.user.name'; NestedCondition on MissingAlternativeUserDetailsManagerOrUserPropertiesConfigured.MissingAlternative @ConditionalOnMissingClass did not find unwanted classes 'org.springframework.security.oauth2.client.registration.ClientRegistrationRepository', 'org.springframework.security.oauth2.server.resource.introspection.OpaqueTokenIntrospector', 'org.springframework.security.saml2.provider.service.registration.RelyingPartyRegistrationRepository' (MissingAlternativeUserDetailsManagerOrUserPropertiesConfigured)
      - @ConditionalOnMissingBean (types: org.springframework.security.authentication.AuthenticationManager,org.springframework.security.authentication.AuthenticationProvider,org.springframework.security.core.userdetails.UserDetailsService,org.springframework.security.authentication.AuthenticationManagerResolver,org.springframework.security.oauth2.jwt.JwtDecoder; SearchStrategy: all) did not find any beans (OnBeanCondition)


Negative matches:
-----------------

    None


Exclusions:
-----------

    None


Unconditional classes:
----------------------

    None



2026-08-21T21:06:08.993+03:00  INFO 7284 --- [library] [   File Watcher] rtingClassPathChangeChangedEventListener : Restarting due to 61 class path changes (61 additions, 0 deletions, 0 modifications)
2026-08-21T21:06:09.010+03:00  INFO 7284 --- [library] [       Thread-5] o.s.boot.tomcat.GracefulShutdown         : Commencing graceful shutdown. Waiting for active requests to complete
2026-08-21T21:06:09.045+03:00  INFO 7284 --- [library] [tomcat-shutdown] o.s.boot.tomcat.GracefulShutdown         : Graceful shutdown complete
2026-08-21T21:06:09.052+03:00  INFO 7284 --- [library] [       Thread-5] j.LocalContainerEntityManagerFactoryBean : Closing JPA EntityManagerFactory for persistence unit 'default'
2026-08-21T21:06:09.054+03:00  INFO 7284 --- [library] [       Thread-5] com.zaxxer.hikari.HikariDataSource       : HikariPool-2 - Shutdown initiated...
2026-08-21T21:06:09.087+03:00  INFO 7284 --- [library] [       Thread-5] com.zaxxer.hikari.HikariDataSource       : HikariPool-2 - Shutdown completed.

  .   ____          _            __ _ _
 /\\ / ___'_ __ _ _(_)_ __  __ _ \ \ \ \
( ( )\___ | '_ | '_| | '_ \/ _` | \ \ \ \
 \\/  ___)| |_)| | | | | || (_| |  ) ) ) )
  '  |____| .__|_| |_|_| |_\__, | / / / /
 =========|_|==============|___/=/_/_/_/

 :: Spring Boot ::                (v4.0.6)

2026-08-21T21:06:09.333+03:00  INFO 7284 --- [library] [  restartedMain] org.library.LibraryApplication           : Starting LibraryApplication using Java 21.0.11 with PID 7284 (C:\Users\Moh7ammedFawzy\IdeaProjects\Spring-Boot-Library-Management\backend\target\classes started by Moh7ammedFawzy in C:\Users\Moh7ammedFawzy\IdeaProjects\Spring-Boot-Library-Management\backend)
2026-08-21T21:06:09.334+03:00  INFO 7284 --- [library] [  restartedMain] org.library.LibraryApplication           : No active profile set, falling back to 1 default profile: "default"
2026-08-21T21:06:10.244+03:00  INFO 7284 --- [library] [  restartedMain] .s.d.r.c.RepositoryConfigurationDelegate : Bootstrapping Spring Data JPA repositories in DEFAULT mode.
2026-08-21T21:06:10.361+03:00  INFO 7284 --- [library] [  restartedMain] .s.d.r.c.RepositoryConfigurationDelegate : Finished Spring Data repository scanning in 112 ms. Found 5 JPA repository interfaces.
2026-08-21T21:06:10.836+03:00  INFO 7284 --- [library] [  restartedMain] o.s.boot.tomcat.TomcatWebServer          : Tomcat initialized with port 5050 (http)
2026-08-21T21:06:10.838+03:00  INFO 7284 --- [library] [  restartedMain] o.apache.catalina.core.StandardService   : Starting service [Tomcat]
2026-08-21T21:06:10.839+03:00  INFO 7284 --- [library] [  restartedMain] o.apache.catalina.core.StandardEngine    : Starting Servlet engine: [Apache Tomcat/11.0.21]
2026-08-21T21:06:10.936+03:00  INFO 7284 --- [library] [  restartedMain] b.w.c.s.WebApplicationContextInitializer : Root WebApplicationContext: initialization completed in 1597 ms
2026-08-21T21:06:11.133+03:00  INFO 7284 --- [library] [  restartedMain] org.hibernate.orm.jpa                    : HHH008540: Processing PersistenceUnitInfo [name: default]
2026-08-21T21:06:11.348+03:00  INFO 7284 --- [library] [  restartedMain] o.s.o.j.p.SpringPersistenceUnitInfo      : No LoadTimeWeaver setup: ignoring JPA class transformer
2026-08-21T21:06:11.352+03:00  INFO 7284 --- [library] [  restartedMain] com.zaxxer.hikari.HikariDataSource       : HikariPool-3 - Starting...
2026-08-21T21:06:11.591+03:00  INFO 7284 --- [library] [  restartedMain] com.zaxxer.hikari.pool.HikariPool        : HikariPool-3 - Added connection ConnectionID:21 ClientConnectionId: df9991e2-cf96-4806-9171-214090245e8d
2026-08-21T21:06:11.592+03:00  INFO 7284 --- [library] [  restartedMain] com.zaxxer.hikari.HikariDataSource       : HikariPool-3 - Start completed.
2026-08-21T21:06:12.759+03:00  INFO 7284 --- [library] [  restartedMain] org.hibernate.orm.connections.pooling    : HHH10001005: Database info:
	Database JDBC URL [jdbc:sqlserver://localhost:1433;concatNullYieldsNull=ON;quotedIdentifier=ON;connectRetryInterval=10;connectRetryCount=1;maxResultBuffer=-1;sendTemporalDataTypesAsStringForBulkCopy=true;delayLoadingLobs=true;useFmtOnly=false;vectorTypeSupport=v1;cacheBulkCopyMetadata=false;bulkCopyForBatchInsertAllowEncryptedValueModifications=false;bulkCopyForBatchInsertTableLock=false;bulkCopyForBatchInsertKeepNulls=false;bulkCopyForBatchInsertKeepIdentity=false;bulkCopyForBatchInsertFireTriggers=false;bulkCopyForBatchInsertCheckConstraints=false;bulkCopyForBatchInsertBatchSize=0;useBulkCopyForBatchInsert=false;cancelQueryTimeout=-1;sslProtocol=TLS;calcBigDecimalPrecision=false;useDefaultJaasConfig=false;jaasConfigurationName=SQLJDBCDriver;statementPoolingCacheSize=0;serverPreparedStatementDiscardThreshold=10;enablePrepareOnFirstPreparedStatementCall=false;fips=false;socketTimeout=0;authentication=NotSpecified;authenticationScheme=nativeAuthentication;xopenStates=false;datetimeParameterType=datetime2;sendTimeAsDatetime=true;replication=false;trustStoreType=JKS;trustServerCertificate=true;TransparentNetworkIPResolution=true;iPAddressPreference=IPv4First;serverNameAsACE=false;sendStringParametersAsUnicode=true;selectMethod=direct;responseBuffering=adaptive;queryTimeout=-1;packetSize=8000;multiSubnetFailover=false;loginTimeout=30;lockTimeout=-1;lastUpdateCount=true;useDefaultGSSCredential=false;prepareMethod=prepexec;encrypt=true;disableStatementPooling=true;databaseName=library;columnEncryptionSetting=Disabled;applicationName=Microsoft JDBC Driver for SQL Server;applicationIntent=readwrite;]
	Database driver: Microsoft JDBC Driver 13.2 for SQL Server
	Database dialect: SQLServerDialect
	Database version: 16.0
	Default catalog/schema: library/dbo
	Autocommit mode: undefined/unknown
	Isolation level: READ_COMMITTED [default READ_COMMITTED]
	JDBC fetch size: 128
	Pool: DataSourceConnectionProvider
	Minimum pool size: undefined/unknown
	Maximum pool size: undefined/unknown
2026-08-21T21:06:13.268+03:00  INFO 7284 --- [library] [  restartedMain] org.hibernate.orm.core                   : HHH000489: No JTA platform available (set 'hibernate.transaction.jta.platform' to enable JTA platform integration)
2026-08-21T21:06:16.375+03:00  INFO 7284 --- [library] [  restartedMain] j.LocalContainerEntityManagerFactoryBean : Initialized JPA EntityManagerFactory for persistence unit 'default'
2026-08-21T21:06:16.891+03:00 TRACE 7284 --- [library] [  restartedMain] eGlobalAuthenticationAutowiredConfigurer : Eagerly initializing {securityConfig=org.library.security.SecurityConfig$$SpringCGLIB$$0@5159cf5a}
2026-08-21T21:06:16.895+03:00  INFO 7284 --- [library] [  restartedMain] r$InitializeUserDetailsManagerConfigurer : Global AuthenticationManager configured with UserDetailsService bean with name userDetailsService
2026-08-21T21:06:17.176+03:00  WARN 7284 --- [library] [  restartedMain] JpaBaseConfiguration$JpaWebConfiguration : spring.jpa.open-in-view is enabled by default. Therefore, database queries may be performed during view rendering. Explicitly configure spring.jpa.open-in-view to disable this warning
2026-08-21T21:06:17.524+03:00 DEBUG 7284 --- [library] [  restartedMain] o.s.s.web.DefaultSecurityFilterChain     : Will secure any request with filters: DisableEncodeUrlFilter, WebAsyncManagerIntegrationFilter, SecurityContextHolderFilter, HeaderWriterFilter, LogoutFilter, JwtAuthFilter, RequestCacheAwareFilter, SecurityContextHolderAwareRequestFilter, AnonymousAuthenticationFilter, SessionManagementFilter, ExceptionTranslationFilter, AuthorizationFilter
2026-08-21T21:06:17.869+03:00  INFO 7284 --- [library] [  restartedMain] o.s.boot.tomcat.TomcatWebServer          : Tomcat started on port 5050 (http) with context path '/'
2026-08-21T21:06:17.892+03:00  INFO 7284 --- [library] [  restartedMain] org.library.LibraryApplication           : Started LibraryApplication in 8.649 seconds (process running for 1027.016)
Hibernate: select u1_0.id,u1_0.email,u1_0.name,u1_0.password,u1_0.role from users u1_0 where u1_0.email=?
2026-08-21T21:06:18.102+03:00  INFO 7284 --- [library] [  restartedMain] .ConditionEvaluationDeltaLoggingListener : Condition evaluation delta:


==========================
CONDITION EVALUATION DELTA
==========================


Positive matches:
-----------------

    None


Negative matches:
-----------------

   ServletWebSecurityAutoConfiguration.EnableWebSecurityConfiguration:
      Did not match:
         - @ConditionalOnMissingBean (names: springSecurityFilterChain; SearchStrategy: all) found beans named springSecurityFilterChain (OnBeanCondition)
      Matched:
         - @ConditionalOnClass found required class 'org.springframework.security.config.annotation.web.configuration.EnableWebSecurity' (OnClassCondition)

   ServletWebSecurityAutoConfiguration.SecurityFilterChainConfiguration:
      Did not match:
         - AllNestedConditions 1 matched 1 did not; NestedCondition on DefaultWebSecurityCondition.Beans @ConditionalOnMissingBean (types: org.springframework.security.web.SecurityFilterChain; SearchStrategy: all) found beans of type 'org.springframework.security.web.SecurityFilterChain' securityFilterChain; NestedCondition on DefaultWebSecurityCondition.Classes @ConditionalOnClass found required classes 'org.springframework.security.web.SecurityFilterChain', 'org.springframework.security.config.annotation.web.builders.HttpSecurity' (DefaultWebSecurityCondition)

   UserDetailsServiceAutoConfiguration:
      Did not match:
         - @ConditionalOnMissingBean (types: org.springframework.security.authentication.AuthenticationManager,org.springframework.security.authentication.AuthenticationProvider,org.springframework.security.core.userdetails.UserDetailsService,org.springframework.security.authentication.AuthenticationManagerResolver,org.springframework.security.oauth2.jwt.JwtDecoder; SearchStrategy: all) found beans of type 'org.springframework.security.authentication.AuthenticationManager' authenticationManager and found beans of type 'org.springframework.security.core.userdetails.UserDetailsService' userDetailsService (OnBeanCondition)
      Matched:
         - @ConditionalOnClass found required class 'org.springframework.security.authentication.AuthenticationManager' (OnClassCondition)
         - found 'session' scope (OnWebApplicationCondition)
         - AnyNestedCondition 1 matched 2 did not; NestedCondition on MissingAlternativeUserDetailsManagerOrUserPropertiesConfigured.PasswordConfigured @ConditionalOnProperty (spring.security.user.password) did not find property 'spring.security.user.password'; NestedCondition on MissingAlternativeUserDetailsManagerOrUserPropertiesConfigured.NameConfigured @ConditionalOnProperty (spring.security.user.name) did not find property 'spring.security.user.name'; NestedCondition on MissingAlternativeUserDetailsManagerOrUserPropertiesConfigured.MissingAlternative @ConditionalOnMissingClass did not find unwanted classes 'org.springframework.security.oauth2.client.registration.ClientRegistrationRepository', 'org.springframework.security.oauth2.server.resource.introspection.OpaqueTokenIntrospector', 'org.springframework.security.saml2.provider.service.registration.RelyingPartyRegistrationRepository' (MissingAlternativeUserDetailsManagerOrUserPropertiesConfigured)


Exclusions:
-----------

    None


Unconditional classes:
----------------------

    None



2026-08-21T21:33:22.850+03:00  INFO 7284 --- [library] [nio-5050-exec-1] o.a.c.c.C.[Tomcat].[localhost].[/]       : Initializing Spring DispatcherServlet 'dispatcherServlet'
2026-08-21T21:33:22.851+03:00  INFO 7284 --- [library] [nio-5050-exec-1] o.s.web.servlet.DispatcherServlet        : Initializing Servlet 'dispatcherServlet'
2026-08-21T21:33:22.861+03:00  INFO 7284 --- [library] [nio-5050-exec-1] o.s.web.servlet.DispatcherServlet        : Completed initialization in 9 ms
2026-08-21T21:33:22.864+03:00 TRACE 7284 --- [library] [nio-5050-exec-1] o.s.security.web.FilterChainProxy        : Trying to match request against DefaultSecurityFilterChain defined as 'securityFilterChain' in [class path resource [org/library/security/SecurityConfig.class]] matching [any request] and having filters [DisableEncodeUrl, WebAsyncManagerIntegration, SecurityContextHolder, HeaderWriter, Logout, JwtAuth, RequestCacheAware, SecurityContextHolderAwareRequest, AnonymousAuthentication, SessionManagement, ExceptionTranslation, Authorization] (1/1)
2026-08-21T21:33:22.865+03:00 DEBUG 7284 --- [library] [nio-5050-exec-1] o.s.security.web.FilterChainProxy        : Securing PUT /api/authors/1
2026-08-21T21:33:22.866+03:00 TRACE 7284 --- [library] [nio-5050-exec-1] o.s.security.web.FilterChainProxy        : Invoking DisableEncodeUrlFilter (1/12)
2026-08-21T21:33:22.866+03:00 TRACE 7284 --- [library] [nio-5050-exec-1] o.s.security.web.FilterChainProxy        : Invoking WebAsyncManagerIntegrationFilter (2/12)
2026-08-21T21:33:22.867+03:00 TRACE 7284 --- [library] [nio-5050-exec-1] o.s.security.web.FilterChainProxy        : Invoking SecurityContextHolderFilter (3/12)
2026-08-21T21:33:22.867+03:00 TRACE 7284 --- [library] [nio-5050-exec-1] o.s.security.web.FilterChainProxy        : Invoking HeaderWriterFilter (4/12)
2026-08-21T21:33:22.868+03:00 TRACE 7284 --- [library] [nio-5050-exec-1] o.s.security.web.FilterChainProxy        : Invoking LogoutFilter (5/12)
2026-08-21T21:33:22.868+03:00 TRACE 7284 --- [library] [nio-5050-exec-1] o.s.s.w.a.logout.LogoutFilter            : Did not match request to Or [PathPattern [GET /logout], PathPattern [POST /logout], PathPattern [PUT /logout], PathPattern [DELETE /logout]]
2026-08-21T21:33:22.868+03:00 TRACE 7284 --- [library] [nio-5050-exec-1] o.s.security.web.FilterChainProxy        : Invoking JwtAuthFilter (6/12)
2026-08-21T21:33:22.879+03:00 TRACE 7284 --- [library] [nio-5050-exec-1] .s.s.w.c.SupplierDeferredSecurityContext : Created SecurityContextImpl [Null authentication]
Hibernate: select u1_0.id,u1_0.email,u1_0.name,u1_0.password,u1_0.role from users u1_0 where u1_0.email=?
2026-08-21T21:33:23.022+03:00 TRACE 7284 --- [library] [nio-5050-exec-1] o.s.security.web.FilterChainProxy        : Invoking RequestCacheAwareFilter (7/12)
2026-08-21T21:33:23.023+03:00 TRACE 7284 --- [library] [nio-5050-exec-1] o.s.security.web.FilterChainProxy        : Invoking SecurityContextHolderAwareRequestFilter (8/12)
2026-08-21T21:33:23.024+03:00 TRACE 7284 --- [library] [nio-5050-exec-1] o.s.security.web.FilterChainProxy        : Invoking AnonymousAuthenticationFilter (9/12)
2026-08-21T21:33:23.024+03:00 TRACE 7284 --- [library] [nio-5050-exec-1] o.s.security.web.FilterChainProxy        : Invoking SessionManagementFilter (10/12)
2026-08-21T21:33:23.030+03:00 TRACE 7284 --- [library] [nio-5050-exec-1] o.s.s.w.a.AnonymousAuthenticationFilter  : Did not set SecurityContextHolder since already authenticated UsernamePasswordAuthenticationToken [Principal=User(id=13, name=Test User, email=test@example.com, password=$2a$10$/E99rsKfKX2o118lTpIPP.y/mU88iht6TNzF3rg8wHTNy9gwE6MiO, role=ADMIN), Credentials=[PROTECTED], Authenticated=true, Details=WebAuthenticationDetails [RemoteIpAddress=0:0:0:0:0:0:0:1, SessionId=null], Granted Authorities=[Role_ADMIN]]
2026-08-21T21:33:23.031+03:00 TRACE 7284 --- [library] [nio-5050-exec-1] s.CompositeSessionAuthenticationStrategy : Preparing session with ChangeSessionIdAuthenticationStrategy (1/1)
2026-08-21T21:33:23.032+03:00 TRACE 7284 --- [library] [nio-5050-exec-1] o.s.security.web.FilterChainProxy        : Invoking ExceptionTranslationFilter (11/12)
2026-08-21T21:33:23.032+03:00 TRACE 7284 --- [library] [nio-5050-exec-1] o.s.security.web.FilterChainProxy        : Invoking AuthorizationFilter (12/12)
2026-08-21T21:33:23.032+03:00 TRACE 7284 --- [library] [nio-5050-exec-1] estMatcherDelegatingAuthorizationManager : Authorizing PUT /api/authors/1
2026-08-21T21:33:23.033+03:00 TRACE 7284 --- [library] [nio-5050-exec-1] estMatcherDelegatingAuthorizationManager : Checking authorization on PUT /api/authors/1 using org.springframework.security.authorization.AuthenticatedAuthorizationManager@35bafa3
2026-08-21T21:33:23.033+03:00 DEBUG 7284 --- [library] [nio-5050-exec-1] o.s.security.web.FilterChainProxy        : Secured PUT /api/authors/1
Hibernate: select a1_0.id,a1_0.name from authors a1_0 where a1_0.id=?
Hibernate: update authors set name=? where id=?
2026-08-21T21:33:23.262+03:00 TRACE 7284 --- [library] [nio-5050-exec-1] o.s.s.w.header.writers.HstsHeaderWriter  : Not injecting HSTS header since it did not match request to [Is Secure]
2026-08-21T21:33:23.379+03:00 TRACE 7284 --- [library] [nio-5050-exec-2] o.s.security.web.FilterChainProxy        : Trying to match request against DefaultSecurityFilterChain defined as 'securityFilterChain' in [class path resource [org/library/security/SecurityConfig.class]] matching [any request] and having filters [DisableEncodeUrl, WebAsyncManagerIntegration, SecurityContextHolder, HeaderWriter, Logout, JwtAuth, RequestCacheAware, SecurityContextHolderAwareRequest, AnonymousAuthentication, SessionManagement, ExceptionTranslation, Authorization] (1/1)
2026-08-21T21:33:23.380+03:00 DEBUG 7284 --- [library] [nio-5050-exec-2] o.s.security.web.FilterChainProxy        : Securing GET /api/authors
2026-08-21T21:33:23.380+03:00 TRACE 7284 --- [library] [nio-5050-exec-2] o.s.security.web.FilterChainProxy        : Invoking DisableEncodeUrlFilter (1/12)
2026-08-21T21:33:23.380+03:00 TRACE 7284 --- [library] [nio-5050-exec-2] o.s.security.web.FilterChainProxy        : Invoking WebAsyncManagerIntegrationFilter (2/12)
2026-08-21T21:33:23.381+03:00 TRACE 7284 --- [library] [nio-5050-exec-2] o.s.security.web.FilterChainProxy        : Invoking SecurityContextHolderFilter (3/12)
2026-08-21T21:33:23.381+03:00 TRACE 7284 --- [library] [nio-5050-exec-2] o.s.security.web.FilterChainProxy        : Invoking HeaderWriterFilter (4/12)
2026-08-21T21:33:23.381+03:00 TRACE 7284 --- [library] [nio-5050-exec-2] o.s.security.web.FilterChainProxy        : Invoking LogoutFilter (5/12)
2026-08-21T21:33:23.382+03:00 TRACE 7284 --- [library] [nio-5050-exec-2] o.s.s.w.a.logout.LogoutFilter            : Did not match request to Or [PathPattern [GET /logout], PathPattern [POST /logout], PathPattern [PUT /logout], PathPattern [DELETE /logout]]
2026-08-21T21:33:23.382+03:00 TRACE 7284 --- [library] [nio-5050-exec-2] o.s.security.web.FilterChainProxy        : Invoking JwtAuthFilter (6/12)
2026-08-21T21:33:23.386+03:00 TRACE 7284 --- [library] [nio-5050-exec-2] .s.s.w.c.SupplierDeferredSecurityContext : Created SecurityContextImpl [Null authentication]
Hibernate: select u1_0.id,u1_0.email,u1_0.name,u1_0.password,u1_0.role from users u1_0 where u1_0.email=?
2026-08-21T21:33:23.413+03:00 TRACE 7284 --- [library] [nio-5050-exec-2] o.s.security.web.FilterChainProxy        : Invoking RequestCacheAwareFilter (7/12)
2026-08-21T21:33:23.414+03:00 TRACE 7284 --- [library] [nio-5050-exec-2] o.s.security.web.FilterChainProxy        : Invoking SecurityContextHolderAwareRequestFilter (8/12)
2026-08-21T21:33:23.414+03:00 TRACE 7284 --- [library] [nio-5050-exec-2] o.s.security.web.FilterChainProxy        : Invoking AnonymousAuthenticationFilter (9/12)
2026-08-21T21:33:23.414+03:00 TRACE 7284 --- [library] [nio-5050-exec-2] o.s.security.web.FilterChainProxy        : Invoking SessionManagementFilter (10/12)
2026-08-21T21:33:23.415+03:00 TRACE 7284 --- [library] [nio-5050-exec-2] o.s.s.w.a.AnonymousAuthenticationFilter  : Did not set SecurityContextHolder since already authenticated UsernamePasswordAuthenticationToken [Principal=User(id=13, name=Test User, email=test@example.com, password=$2a$10$/E99rsKfKX2o118lTpIPP.y/mU88iht6TNzF3rg8wHTNy9gwE6MiO, role=ADMIN), Credentials=[PROTECTED], Authenticated=true, Details=WebAuthenticationDetails [RemoteIpAddress=0:0:0:0:0:0:0:1, SessionId=null], Granted Authorities=[Role_ADMIN]]
2026-08-21T21:33:23.415+03:00 TRACE 7284 --- [library] [nio-5050-exec-2] s.CompositeSessionAuthenticationStrategy : Preparing session with ChangeSessionIdAuthenticationStrategy (1/1)
2026-08-21T21:33:23.416+03:00 TRACE 7284 --- [library] [nio-5050-exec-2] o.s.security.web.FilterChainProxy        : Invoking ExceptionTranslationFilter (11/12)
2026-08-21T21:33:23.416+03:00 TRACE 7284 --- [library] [nio-5050-exec-2] o.s.security.web.FilterChainProxy        : Invoking AuthorizationFilter (12/12)
2026-08-21T21:33:23.417+03:00 TRACE 7284 --- [library] [nio-5050-exec-2] estMatcherDelegatingAuthorizationManager : Authorizing GET /api/authors
2026-08-21T21:33:23.417+03:00 TRACE 7284 --- [library] [nio-5050-exec-2] estMatcherDelegatingAuthorizationManager : Checking authorization on GET /api/authors using org.springframework.security.authorization.AuthenticatedAuthorizationManager@35bafa3
2026-08-21T21:33:23.417+03:00 DEBUG 7284 --- [library] [nio-5050-exec-2] o.s.security.web.FilterChainProxy        : Secured GET /api/authors
Hibernate: select a1_0.id,a1_0.name from authors a1_0
2026-08-21T21:33:23.464+03:00 TRACE 7284 --- [library] [nio-5050-exec-2] o.s.s.w.header.writers.HstsHeaderWriter  : Not injecting HSTS header since it did not match request to [Is Secure]
2026-08-21T21:33:35.600+03:00 TRACE 7284 --- [library] [nio-5050-exec-3] o.s.security.web.FilterChainProxy        : Trying to match request against DefaultSecurityFilterChain defined as 'securityFilterChain' in [class path resource [org/library/security/SecurityConfig.class]] matching [any request] and having filters [DisableEncodeUrl, WebAsyncManagerIntegration, SecurityContextHolder, HeaderWriter, Logout, JwtAuth, RequestCacheAware, SecurityContextHolderAwareRequest, AnonymousAuthentication, SessionManagement, ExceptionTranslation, Authorization] (1/1)
2026-08-21T21:33:35.605+03:00 DEBUG 7284 --- [library] [nio-5050-exec-3] o.s.security.web.FilterChainProxy        : Securing DELETE /api/authors/3
2026-08-21T21:33:35.607+03:00 TRACE 7284 --- [library] [nio-5050-exec-3] o.s.security.web.FilterChainProxy        : Invoking DisableEncodeUrlFilter (1/12)
2026-08-21T21:33:35.608+03:00 TRACE 7284 --- [library] [nio-5050-exec-3] o.s.security.web.FilterChainProxy        : Invoking WebAsyncManagerIntegrationFilter (2/12)
2026-08-21T21:33:35.609+03:00 TRACE 7284 --- [library] [nio-5050-exec-3] o.s.security.web.FilterChainProxy        : Invoking SecurityContextHolderFilter (3/12)
2026-08-21T21:33:35.614+03:00 TRACE 7284 --- [library] [nio-5050-exec-3] o.s.security.web.FilterChainProxy        : Invoking HeaderWriterFilter (4/12)
2026-08-21T21:33:35.619+03:00 TRACE 7284 --- [library] [nio-5050-exec-3] o.s.security.web.FilterChainProxy        : Invoking LogoutFilter (5/12)
2026-08-21T21:33:35.622+03:00 TRACE 7284 --- [library] [nio-5050-exec-3] o.s.s.w.a.logout.LogoutFilter            : Did not match request to Or [PathPattern [GET /logout], PathPattern [POST /logout], PathPattern [PUT /logout], PathPattern [DELETE /logout]]
2026-08-21T21:33:35.623+03:00 TRACE 7284 --- [library] [nio-5050-exec-3] o.s.security.web.FilterChainProxy        : Invoking JwtAuthFilter (6/12)
2026-08-21T21:33:35.631+03:00 TRACE 7284 --- [library] [nio-5050-exec-3] .s.s.w.c.SupplierDeferredSecurityContext : Created SecurityContextImpl [Null authentication]
Hibernate: select u1_0.id,u1_0.email,u1_0.name,u1_0.password,u1_0.role from users u1_0 where u1_0.email=?
2026-08-21T21:33:36.610+03:00 TRACE 7284 --- [library] [nio-5050-exec-3] o.s.security.web.FilterChainProxy        : Invoking RequestCacheAwareFilter (7/12)
2026-08-21T21:33:36.611+03:00 TRACE 7284 --- [library] [nio-5050-exec-3] o.s.security.web.FilterChainProxy        : Invoking SecurityContextHolderAwareRequestFilter (8/12)
2026-08-21T21:33:36.612+03:00 TRACE 7284 --- [library] [nio-5050-exec-3] o.s.security.web.FilterChainProxy        : Invoking AnonymousAuthenticationFilter (9/12)
2026-08-21T21:33:36.612+03:00 TRACE 7284 --- [library] [nio-5050-exec-3] o.s.security.web.FilterChainProxy        : Invoking SessionManagementFilter (10/12)
2026-08-21T21:33:36.613+03:00 TRACE 7284 --- [library] [nio-5050-exec-3] o.s.s.w.a.AnonymousAuthenticationFilter  : Did not set SecurityContextHolder since already authenticated UsernamePasswordAuthenticationToken [Principal=User(id=13, name=Test User, email=test@example.com, password=$2a$10$/E99rsKfKX2o118lTpIPP.y/mU88iht6TNzF3rg8wHTNy9gwE6MiO, role=ADMIN), Credentials=[PROTECTED], Authenticated=true, Details=WebAuthenticationDetails [RemoteIpAddress=0:0:0:0:0:0:0:1, SessionId=null], Granted Authorities=[Role_ADMIN]]
2026-08-21T21:33:36.613+03:00 TRACE 7284 --- [library] [nio-5050-exec-3] s.CompositeSessionAuthenticationStrategy : Preparing session with ChangeSessionIdAuthenticationStrategy (1/1)
2026-08-21T21:33:36.614+03:00 TRACE 7284 --- [library] [nio-5050-exec-3] o.s.security.web.FilterChainProxy        : Invoking ExceptionTranslationFilter (11/12)
2026-08-21T21:33:36.614+03:00 TRACE 7284 --- [library] [nio-5050-exec-3] o.s.security.web.FilterChainProxy        : Invoking AuthorizationFilter (12/12)
2026-08-21T21:33:36.614+03:00 TRACE 7284 --- [library] [nio-5050-exec-3] estMatcherDelegatingAuthorizationManager : Authorizing DELETE /api/authors/3
2026-08-21T21:33:36.615+03:00 TRACE 7284 --- [library] [nio-5050-exec-3] estMatcherDelegatingAuthorizationManager : Checking authorization on DELETE /api/authors/3 using org.springframework.security.authorization.AuthenticatedAuthorizationManager@35bafa3
2026-08-21T21:33:36.615+03:00 DEBUG 7284 --- [library] [nio-5050-exec-3] o.s.security.web.FilterChainProxy        : Secured DELETE /api/authors/3
Hibernate: select a1_0.id,a1_0.name from authors a1_0 where a1_0.id=?
Hibernate: delete from authors where id=?
2026-08-21T21:33:37.070+03:00 TRACE 7284 --- [library] [nio-5050-exec-3] o.s.s.w.header.writers.HstsHeaderWriter  : Not injecting HSTS header since it did not match request to [Is Secure]
2026-08-21T21:33:37.106+03:00 TRACE 7284 --- [library] [nio-5050-exec-4] o.s.security.web.FilterChainProxy        : Trying to match request against DefaultSecurityFilterChain defined as 'securityFilterChain' in [class path resource [org/library/security/SecurityConfig.class]] matching [any request] and having filters [DisableEncodeUrl, WebAsyncManagerIntegration, SecurityContextHolder, HeaderWriter, Logout, JwtAuth, RequestCacheAware, SecurityContextHolderAwareRequest, AnonymousAuthentication, SessionManagement, ExceptionTranslation, Authorization] (1/1)
2026-08-21T21:33:37.107+03:00 DEBUG 7284 --- [library] [nio-5050-exec-4] o.s.security.web.FilterChainProxy        : Securing GET /api/authors
2026-08-21T21:33:37.107+03:00 TRACE 7284 --- [library] [nio-5050-exec-4] o.s.security.web.FilterChainProxy        : Invoking DisableEncodeUrlFilter (1/12)
2026-08-21T21:33:37.108+03:00 TRACE 7284 --- [library] [nio-5050-exec-4] o.s.security.web.FilterChainProxy        : Invoking WebAsyncManagerIntegrationFilter (2/12)
2026-08-21T21:33:37.108+03:00 TRACE 7284 --- [library] [nio-5050-exec-4] o.s.security.web.FilterChainProxy        : Invoking SecurityContextHolderFilter (3/12)
2026-08-21T21:33:37.109+03:00 TRACE 7284 --- [library] [nio-5050-exec-4] o.s.security.web.FilterChainProxy        : Invoking HeaderWriterFilter (4/12)
2026-08-21T21:33:37.109+03:00 TRACE 7284 --- [library] [nio-5050-exec-4] o.s.security.web.FilterChainProxy        : Invoking LogoutFilter (5/12)
2026-08-21T21:33:37.114+03:00 TRACE 7284 --- [library] [nio-5050-exec-4] o.s.s.w.a.logout.LogoutFilter            : Did not match request to Or [PathPattern [GET /logout], PathPattern [POST /logout], PathPattern [PUT /logout], PathPattern [DELETE /logout]]
2026-08-21T21:33:37.117+03:00 TRACE 7284 --- [library] [nio-5050-exec-4] o.s.security.web.FilterChainProxy        : Invoking JwtAuthFilter (6/12)
2026-08-21T21:33:37.119+03:00 TRACE 7284 --- [library] [nio-5050-exec-4] .s.s.w.c.SupplierDeferredSecurityContext : Created SecurityContextImpl [Null authentication]
Hibernate: select u1_0.id,u1_0.email,u1_0.name,u1_0.password,u1_0.role from users u1_0 where u1_0.email=?
2026-08-21T21:33:37.128+03:00 TRACE 7284 --- [library] [nio-5050-exec-4] o.s.security.web.FilterChainProxy        : Invoking RequestCacheAwareFilter (7/12)
2026-08-21T21:33:37.129+03:00 TRACE 7284 --- [library] [nio-5050-exec-4] o.s.security.web.FilterChainProxy        : Invoking SecurityContextHolderAwareRequestFilter (8/12)
2026-08-21T21:33:37.129+03:00 TRACE 7284 --- [library] [nio-5050-exec-4] o.s.security.web.FilterChainProxy        : Invoking AnonymousAuthenticationFilter (9/12)
2026-08-21T21:33:37.130+03:00 TRACE 7284 --- [library] [nio-5050-exec-4] o.s.security.web.FilterChainProxy        : Invoking SessionManagementFilter (10/12)
2026-08-21T21:33:37.130+03:00 TRACE 7284 --- [library] [nio-5050-exec-4] o.s.s.w.a.AnonymousAuthenticationFilter  : Did not set SecurityContextHolder since already authenticated UsernamePasswordAuthenticationToken [Principal=User(id=13, name=Test User, email=test@example.com, password=$2a$10$/E99rsKfKX2o118lTpIPP.y/mU88iht6TNzF3rg8wHTNy9gwE6MiO, role=ADMIN), Credentials=[PROTECTED], Authenticated=true, Details=WebAuthenticationDetails [RemoteIpAddress=0:0:0:0:0:0:0:1, SessionId=null], Granted Authorities=[Role_ADMIN]]
2026-08-21T21:33:37.131+03:00 TRACE 7284 --- [library] [nio-5050-exec-4] s.CompositeSessionAuthenticationStrategy : Preparing session with ChangeSessionIdAuthenticationStrategy (1/1)
2026-08-21T21:33:37.131+03:00 TRACE 7284 --- [library] [nio-5050-exec-4] o.s.security.web.FilterChainProxy        : Invoking ExceptionTranslationFilter (11/12)
2026-08-21T21:33:37.131+03:00 TRACE 7284 --- [library] [nio-5050-exec-4] o.s.security.web.FilterChainProxy        : Invoking AuthorizationFilter (12/12)
2026-08-21T21:33:37.132+03:00 TRACE 7284 --- [library] [nio-5050-exec-4] estMatcherDelegatingAuthorizationManager : Authorizing GET /api/authors
2026-08-21T21:33:37.133+03:00 TRACE 7284 --- [library] [nio-5050-exec-4] estMatcherDelegatingAuthorizationManager : Checking authorization on GET /api/authors using org.springframework.security.authorization.AuthenticatedAuthorizationManager@35bafa3
2026-08-21T21:33:37.133+03:00 DEBUG 7284 --- [library] [nio-5050-exec-4] o.s.security.web.FilterChainProxy        : Secured GET /api/authors
Hibernate: select a1_0.id,a1_0.name from authors a1_0
2026-08-21T21:33:37.152+03:00 TRACE 7284 --- [library] [nio-5050-exec-4] o.s.s.w.header.writers.HstsHeaderWriter  : Not injecting HSTS header since it did not match request to [Is Secure]
2026-08-21T21:33:50.987+03:00 TRACE 7284 --- [library] [nio-5050-exec-5] o.s.security.web.FilterChainProxy        : Trying to match request against DefaultSecurityFilterChain defined as 'securityFilterChain' in [class path resource [org/library/security/SecurityConfig.class]] matching [any request] and having filters [DisableEncodeUrl, WebAsyncManagerIntegration, SecurityContextHolder, HeaderWriter, Logout, JwtAuth, RequestCacheAware, SecurityContextHolderAwareRequest, AnonymousAuthentication, SessionManagement, ExceptionTranslation, Authorization] (1/1)
2026-08-21T21:33:50.997+03:00 DEBUG 7284 --- [library] [nio-5050-exec-5] o.s.security.web.FilterChainProxy        : Securing GET /api/categories
2026-08-21T21:33:50.998+03:00 TRACE 7284 --- [library] [nio-5050-exec-5] o.s.security.web.FilterChainProxy        : Invoking DisableEncodeUrlFilter (1/12)
2026-08-21T21:33:51.005+03:00 TRACE 7284 --- [library] [nio-5050-exec-5] o.s.security.web.FilterChainProxy        : Invoking WebAsyncManagerIntegrationFilter (2/12)
2026-08-21T21:33:51.006+03:00 TRACE 7284 --- [library] [nio-5050-exec-5] o.s.security.web.FilterChainProxy        : Invoking SecurityContextHolderFilter (3/12)
2026-08-21T21:33:51.013+03:00 TRACE 7284 --- [library] [nio-5050-exec-5] o.s.security.web.FilterChainProxy        : Invoking HeaderWriterFilter (4/12)
2026-08-21T21:33:51.013+03:00 TRACE 7284 --- [library] [nio-5050-exec-5] o.s.security.web.FilterChainProxy        : Invoking LogoutFilter (5/12)
2026-08-21T21:33:51.014+03:00 TRACE 7284 --- [library] [nio-5050-exec-5] o.s.s.w.a.logout.LogoutFilter            : Did not match request to Or [PathPattern [GET /logout], PathPattern [POST /logout], PathPattern [PUT /logout], PathPattern [DELETE /logout]]
2026-08-21T21:33:51.015+03:00 TRACE 7284 --- [library] [nio-5050-exec-5] o.s.security.web.FilterChainProxy        : Invoking JwtAuthFilter (6/12)
2026-08-21T21:33:51.017+03:00 TRACE 7284 --- [library] [nio-5050-exec-5] .s.s.w.c.SupplierDeferredSecurityContext : Created SecurityContextImpl [Null authentication]
Hibernate: select u1_0.id,u1_0.email,u1_0.name,u1_0.password,u1_0.role from users u1_0 where u1_0.email=?
2026-08-21T21:33:51.088+03:00 TRACE 7284 --- [library] [nio-5050-exec-5] o.s.security.web.FilterChainProxy        : Invoking RequestCacheAwareFilter (7/12)
2026-08-21T21:33:51.088+03:00 TRACE 7284 --- [library] [nio-5050-exec-5] o.s.security.web.FilterChainProxy        : Invoking SecurityContextHolderAwareRequestFilter (8/12)
2026-08-21T21:33:51.089+03:00 TRACE 7284 --- [library] [nio-5050-exec-5] o.s.security.web.FilterChainProxy        : Invoking AnonymousAuthenticationFilter (9/12)
2026-08-21T21:33:51.089+03:00 TRACE 7284 --- [library] [nio-5050-exec-5] o.s.security.web.FilterChainProxy        : Invoking SessionManagementFilter (10/12)
2026-08-21T21:33:51.089+03:00 TRACE 7284 --- [library] [nio-5050-exec-5] o.s.s.w.a.AnonymousAuthenticationFilter  : Did not set SecurityContextHolder since already authenticated UsernamePasswordAuthenticationToken [Principal=User(id=13, name=Test User, email=test@example.com, password=$2a$10$/E99rsKfKX2o118lTpIPP.y/mU88iht6TNzF3rg8wHTNy9gwE6MiO, role=ADMIN), Credentials=[PROTECTED], Authenticated=true, Details=WebAuthenticationDetails [RemoteIpAddress=0:0:0:0:0:0:0:1, SessionId=null], Granted Authorities=[Role_ADMIN]]
2026-08-21T21:33:51.090+03:00 TRACE 7284 --- [library] [nio-5050-exec-5] s.CompositeSessionAuthenticationStrategy : Preparing session with ChangeSessionIdAuthenticationStrategy (1/1)
2026-08-21T21:33:51.090+03:00 TRACE 7284 --- [library] [nio-5050-exec-5] o.s.security.web.FilterChainProxy        : Invoking ExceptionTranslationFilter (11/12)
2026-08-21T21:33:51.090+03:00 TRACE 7284 --- [library] [nio-5050-exec-5] o.s.security.web.FilterChainProxy        : Invoking AuthorizationFilter (12/12)
2026-08-21T21:33:51.091+03:00 TRACE 7284 --- [library] [nio-5050-exec-5] estMatcherDelegatingAuthorizationManager : Authorizing GET /api/categories
2026-08-21T21:33:51.091+03:00 TRACE 7284 --- [library] [nio-5050-exec-5] estMatcherDelegatingAuthorizationManager : Checking authorization on GET /api/categories using org.springframework.security.authorization.AuthenticatedAuthorizationManager@35bafa3
2026-08-21T21:33:51.092+03:00 DEBUG 7284 --- [library] [nio-5050-exec-5] o.s.security.web.FilterChainProxy        : Secured GET /api/categories
Hibernate: select c1_0.id,c1_0.name from categories c1_0
2026-08-21T21:33:51.195+03:00 TRACE 7284 --- [library] [nio-5050-exec-5] o.s.s.w.header.writers.HstsHeaderWriter  : Not injecting HSTS header since it did not match request to [Is Secure]
2026-08-21T21:33:55.003+03:00 TRACE 7284 --- [library] [nio-5050-exec-6] o.s.security.web.FilterChainProxy        : Trying to match request against DefaultSecurityFilterChain defined as 'securityFilterChain' in [class path resource [org/library/security/SecurityConfig.class]] matching [any request] and having filters [DisableEncodeUrl, WebAsyncManagerIntegration, SecurityContextHolder, HeaderWriter, Logout, JwtAuth, RequestCacheAware, SecurityContextHolderAwareRequest, AnonymousAuthentication, SessionManagement, ExceptionTranslation, Authorization] (1/1)
2026-08-21T21:33:55.004+03:00 DEBUG 7284 --- [library] [nio-5050-exec-6] o.s.security.web.FilterChainProxy        : Securing PUT /api/categories/2
2026-08-21T21:33:55.005+03:00 TRACE 7284 --- [library] [nio-5050-exec-6] o.s.security.web.FilterChainProxy        : Invoking DisableEncodeUrlFilter (1/12)
2026-08-21T21:33:55.005+03:00 TRACE 7284 --- [library] [nio-5050-exec-6] o.s.security.web.FilterChainProxy        : Invoking WebAsyncManagerIntegrationFilter (2/12)
2026-08-21T21:33:55.005+03:00 TRACE 7284 --- [library] [nio-5050-exec-6] o.s.security.web.FilterChainProxy        : Invoking SecurityContextHolderFilter (3/12)
2026-08-21T21:33:55.006+03:00 TRACE 7284 --- [library] [nio-5050-exec-6] o.s.security.web.FilterChainProxy        : Invoking HeaderWriterFilter (4/12)
2026-08-21T21:33:55.006+03:00 TRACE 7284 --- [library] [nio-5050-exec-6] o.s.security.web.FilterChainProxy        : Invoking LogoutFilter (5/12)
2026-08-21T21:33:55.006+03:00 TRACE 7284 --- [library] [nio-5050-exec-6] o.s.s.w.a.logout.LogoutFilter            : Did not match request to Or [PathPattern [GET /logout], PathPattern [POST /logout], PathPattern [PUT /logout], PathPattern [DELETE /logout]]
2026-08-21T21:33:55.007+03:00 TRACE 7284 --- [library] [nio-5050-exec-6] o.s.security.web.FilterChainProxy        : Invoking JwtAuthFilter (6/12)
2026-08-21T21:33:55.015+03:00 TRACE 7284 --- [library] [nio-5050-exec-6] .s.s.w.c.SupplierDeferredSecurityContext : Created SecurityContextImpl [Null authentication]
Hibernate: select u1_0.id,u1_0.email,u1_0.name,u1_0.password,u1_0.role from users u1_0 where u1_0.email=?
2026-08-21T21:33:55.142+03:00 TRACE 7284 --- [library] [nio-5050-exec-6] o.s.security.web.FilterChainProxy        : Invoking RequestCacheAwareFilter (7/12)
2026-08-21T21:33:55.142+03:00 TRACE 7284 --- [library] [nio-5050-exec-6] o.s.security.web.FilterChainProxy        : Invoking SecurityContextHolderAwareRequestFilter (8/12)
2026-08-21T21:33:55.142+03:00 TRACE 7284 --- [library] [nio-5050-exec-6] o.s.security.web.FilterChainProxy        : Invoking AnonymousAuthenticationFilter (9/12)
2026-08-21T21:33:55.143+03:00 TRACE 7284 --- [library] [nio-5050-exec-6] o.s.security.web.FilterChainProxy        : Invoking SessionManagementFilter (10/12)
2026-08-21T21:33:55.143+03:00 TRACE 7284 --- [library] [nio-5050-exec-6] o.s.s.w.a.AnonymousAuthenticationFilter  : Did not set SecurityContextHolder since already authenticated UsernamePasswordAuthenticationToken [Principal=User(id=13, name=Test User, email=test@example.com, password=$2a$10$/E99rsKfKX2o118lTpIPP.y/mU88iht6TNzF3rg8wHTNy9gwE6MiO, role=ADMIN), Credentials=[PROTECTED], Authenticated=true, Details=WebAuthenticationDetails [RemoteIpAddress=0:0:0:0:0:0:0:1, SessionId=null], Granted Authorities=[Role_ADMIN]]
2026-08-21T21:33:55.144+03:00 TRACE 7284 --- [library] [nio-5050-exec-6] s.CompositeSessionAuthenticationStrategy : Preparing session with ChangeSessionIdAuthenticationStrategy (1/1)
2026-08-21T21:33:55.144+03:00 TRACE 7284 --- [library] [nio-5050-exec-6] o.s.security.web.FilterChainProxy        : Invoking ExceptionTranslationFilter (11/12)
2026-08-21T21:33:55.145+03:00 TRACE 7284 --- [library] [nio-5050-exec-6] o.s.security.web.FilterChainProxy        : Invoking AuthorizationFilter (12/12)
2026-08-21T21:33:55.146+03:00 TRACE 7284 --- [library] [nio-5050-exec-6] estMatcherDelegatingAuthorizationManager : Authorizing PUT /api/categories/2
2026-08-21T21:33:55.146+03:00 TRACE 7284 --- [library] [nio-5050-exec-6] estMatcherDelegatingAuthorizationManager : Checking authorization on PUT /api/categories/2 using org.springframework.security.authorization.AuthenticatedAuthorizationManager@35bafa3
2026-08-21T21:33:55.147+03:00 DEBUG 7284 --- [library] [nio-5050-exec-6] o.s.security.web.FilterChainProxy        : Secured PUT /api/categories/2
Hibernate: select c1_0.id,c1_0.name from categories c1_0 where c1_0.id=?
Hibernate: update categories set name=? where id=?
2026-08-21T21:33:55.335+03:00 TRACE 7284 --- [library] [nio-5050-exec-6] o.s.s.w.header.writers.HstsHeaderWriter  : Not injecting HSTS header since it did not match request to [Is Secure]
2026-08-21T21:33:55.373+03:00 TRACE 7284 --- [library] [nio-5050-exec-7] o.s.security.web.FilterChainProxy        : Trying to match request against DefaultSecurityFilterChain defined as 'securityFilterChain' in [class path resource [org/library/security/SecurityConfig.class]] matching [any request] and having filters [DisableEncodeUrl, WebAsyncManagerIntegration, SecurityContextHolder, HeaderWriter, Logout, JwtAuth, RequestCacheAware, SecurityContextHolderAwareRequest, AnonymousAuthentication, SessionManagement, ExceptionTranslation, Authorization] (1/1)
2026-08-21T21:33:55.373+03:00 DEBUG 7284 --- [library] [nio-5050-exec-7] o.s.security.web.FilterChainProxy        : Securing GET /api/categories
2026-08-21T21:33:55.374+03:00 TRACE 7284 --- [library] [nio-5050-exec-7] o.s.security.web.FilterChainProxy        : Invoking DisableEncodeUrlFilter (1/12)
2026-08-21T21:33:55.374+03:00 TRACE 7284 --- [library] [nio-5050-exec-7] o.s.security.web.FilterChainProxy        : Invoking WebAsyncManagerIntegrationFilter (2/12)
2026-08-21T21:33:55.375+03:00 TRACE 7284 --- [library] [nio-5050-exec-7] o.s.security.web.FilterChainProxy        : Invoking SecurityContextHolderFilter (3/12)
2026-08-21T21:33:55.375+03:00 TRACE 7284 --- [library] [nio-5050-exec-7] o.s.security.web.FilterChainProxy        : Invoking HeaderWriterFilter (4/12)
2026-08-21T21:33:55.376+03:00 TRACE 7284 --- [library] [nio-5050-exec-7] o.s.security.web.FilterChainProxy        : Invoking LogoutFilter (5/12)
2026-08-21T21:33:55.376+03:00 TRACE 7284 --- [library] [nio-5050-exec-7] o.s.s.w.a.logout.LogoutFilter            : Did not match request to Or [PathPattern [GET /logout], PathPattern [POST /logout], PathPattern [PUT /logout], PathPattern [DELETE /logout]]
2026-08-21T21:33:55.379+03:00 TRACE 7284 --- [library] [nio-5050-exec-7] o.s.security.web.FilterChainProxy        : Invoking JwtAuthFilter (6/12)
2026-08-21T21:33:55.382+03:00 TRACE 7284 --- [library] [nio-5050-exec-7] .s.s.w.c.SupplierDeferredSecurityContext : Created SecurityContextImpl [Null authentication]
Hibernate: select u1_0.id,u1_0.email,u1_0.name,u1_0.password,u1_0.role from users u1_0 where u1_0.email=?
2026-08-21T21:33:55.434+03:00 TRACE 7284 --- [library] [nio-5050-exec-7] o.s.security.web.FilterChainProxy        : Invoking RequestCacheAwareFilter (7/12)
2026-08-21T21:33:55.434+03:00 TRACE 7284 --- [library] [nio-5050-exec-7] o.s.security.web.FilterChainProxy        : Invoking SecurityContextHolderAwareRequestFilter (8/12)
2026-08-21T21:33:55.435+03:00 TRACE 7284 --- [library] [nio-5050-exec-7] o.s.security.web.FilterChainProxy        : Invoking AnonymousAuthenticationFilter (9/12)
2026-08-21T21:33:55.435+03:00 TRACE 7284 --- [library] [nio-5050-exec-7] o.s.security.web.FilterChainProxy        : Invoking SessionManagementFilter (10/12)
2026-08-21T21:33:55.435+03:00 TRACE 7284 --- [library] [nio-5050-exec-7] o.s.s.w.a.AnonymousAuthenticationFilter  : Did not set SecurityContextHolder since already authenticated UsernamePasswordAuthenticationToken [Principal=User(id=13, name=Test User, email=test@example.com, password=$2a$10$/E99rsKfKX2o118lTpIPP.y/mU88iht6TNzF3rg8wHTNy9gwE6MiO, role=ADMIN), Credentials=[PROTECTED], Authenticated=true, Details=WebAuthenticationDetails [RemoteIpAddress=0:0:0:0:0:0:0:1, SessionId=null], Granted Authorities=[Role_ADMIN]]
2026-08-21T21:33:55.436+03:00 TRACE 7284 --- [library] [nio-5050-exec-7] s.CompositeSessionAuthenticationStrategy : Preparing session with ChangeSessionIdAuthenticationStrategy (1/1)
2026-08-21T21:33:55.436+03:00 TRACE 7284 --- [library] [nio-5050-exec-7] o.s.security.web.FilterChainProxy        : Invoking ExceptionTranslationFilter (11/12)
2026-08-21T21:33:55.436+03:00 TRACE 7284 --- [library] [nio-5050-exec-7] o.s.security.web.FilterChainProxy        : Invoking AuthorizationFilter (12/12)
2026-08-21T21:33:55.437+03:00 TRACE 7284 --- [library] [nio-5050-exec-7] estMatcherDelegatingAuthorizationManager : Authorizing GET /api/categories
2026-08-21T21:33:55.437+03:00 TRACE 7284 --- [library] [nio-5050-exec-7] estMatcherDelegatingAuthorizationManager : Checking authorization on GET /api/categories using org.springframework.security.authorization.AuthenticatedAuthorizationManager@35bafa3
2026-08-21T21:33:55.437+03:00 DEBUG 7284 --- [library] [nio-5050-exec-7] o.s.security.web.FilterChainProxy        : Secured GET /api/categories
Hibernate: select c1_0.id,c1_0.name from categories c1_0
2026-08-21T21:33:55.467+03:00 TRACE 7284 --- [library] [nio-5050-exec-7] o.s.s.w.header.writers.HstsHeaderWriter  : Not injecting HSTS header since it did not match request to [Is Secure]
2026-08-21T21:34:08.761+03:00 TRACE 7284 --- [library] [nio-5050-exec-8] o.s.security.web.FilterChainProxy        : Trying to match request against DefaultSecurityFilterChain defined as 'securityFilterChain' in [class path resource [org/library/security/SecurityConfig.class]] matching [any request] and having filters [DisableEncodeUrl, WebAsyncManagerIntegration, SecurityContextHolder, HeaderWriter, Logout, JwtAuth, RequestCacheAware, SecurityContextHolderAwareRequest, AnonymousAuthentication, SessionManagement, ExceptionTranslation, Authorization] (1/1)
2026-08-21T21:34:08.762+03:00 DEBUG 7284 --- [library] [nio-5050-exec-8] o.s.security.web.FilterChainProxy        : Securing GET /api/borrow
2026-08-21T21:34:08.763+03:00 TRACE 7284 --- [library] [nio-5050-exec-8] o.s.security.web.FilterChainProxy        : Invoking DisableEncodeUrlFilter (1/12)
2026-08-21T21:34:08.763+03:00 TRACE 7284 --- [library] [nio-5050-exec-8] o.s.security.web.FilterChainProxy        : Invoking WebAsyncManagerIntegrationFilter (2/12)
2026-08-21T21:34:08.764+03:00 TRACE 7284 --- [library] [nio-5050-exec-8] o.s.security.web.FilterChainProxy        : Invoking SecurityContextHolderFilter (3/12)
2026-08-21T21:34:08.765+03:00 TRACE 7284 --- [library] [nio-5050-exec-8] o.s.security.web.FilterChainProxy        : Invoking HeaderWriterFilter (4/12)
2026-08-21T21:34:08.766+03:00 TRACE 7284 --- [library] [nio-5050-exec-8] o.s.security.web.FilterChainProxy        : Invoking LogoutFilter (5/12)
2026-08-21T21:34:08.766+03:00 TRACE 7284 --- [library] [nio-5050-exec-8] o.s.s.w.a.logout.LogoutFilter            : Did not match request to Or [PathPattern [GET /logout], PathPattern [POST /logout], PathPattern [PUT /logout], PathPattern [DELETE /logout]]
2026-08-21T21:34:08.767+03:00 TRACE 7284 --- [library] [nio-5050-exec-8] o.s.security.web.FilterChainProxy        : Invoking JwtAuthFilter (6/12)
2026-08-21T21:34:08.767+03:00 TRACE 7284 --- [library] [nio-5050-exec-9] o.s.security.web.FilterChainProxy        : Trying to match request against DefaultSecurityFilterChain defined as 'securityFilterChain' in [class path resource [org/library/security/SecurityConfig.class]] matching [any request] and having filters [DisableEncodeUrl, WebAsyncManagerIntegration, SecurityContextHolder, HeaderWriter, Logout, JwtAuth, RequestCacheAware, SecurityContextHolderAwareRequest, AnonymousAuthentication, SessionManagement, ExceptionTranslation, Authorization] (1/1)
2026-08-21T21:34:08.768+03:00 DEBUG 7284 --- [library] [nio-5050-exec-9] o.s.security.web.FilterChainProxy        : Securing GET /api/books
2026-08-21T21:34:08.768+03:00 TRACE 7284 --- [library] [nio-5050-exec-9] o.s.security.web.FilterChainProxy        : Invoking DisableEncodeUrlFilter (1/12)
2026-08-21T21:34:08.768+03:00 TRACE 7284 --- [library] [nio-5050-exec-9] o.s.security.web.FilterChainProxy        : Invoking WebAsyncManagerIntegrationFilter (2/12)
2026-08-21T21:34:08.769+03:00 TRACE 7284 --- [library] [nio-5050-exec-9] o.s.security.web.FilterChainProxy        : Invoking SecurityContextHolderFilter (3/12)
2026-08-21T21:34:08.769+03:00 TRACE 7284 --- [library] [nio-5050-exec-9] o.s.security.web.FilterChainProxy        : Invoking HeaderWriterFilter (4/12)
2026-08-21T21:34:08.769+03:00 TRACE 7284 --- [library] [nio-5050-exec-9] o.s.security.web.FilterChainProxy        : Invoking LogoutFilter (5/12)
2026-08-21T21:34:08.770+03:00 TRACE 7284 --- [library] [nio-5050-exec-9] o.s.s.w.a.logout.LogoutFilter            : Did not match request to Or [PathPattern [GET /logout], PathPattern [POST /logout], PathPattern [PUT /logout], PathPattern [DELETE /logout]]
2026-08-21T21:34:08.770+03:00 TRACE 7284 --- [library] [nio-5050-exec-9] o.s.security.web.FilterChainProxy        : Invoking JwtAuthFilter (6/12)
2026-08-21T21:34:08.773+03:00 TRACE 7284 --- [library] [nio-5050-exec-9] .s.s.w.c.SupplierDeferredSecurityContext : Created SecurityContextImpl [Null authentication]
2026-08-21T21:34:08.768+03:00 TRACE 7284 --- [library] [nio-5050-exec-8] .s.s.w.c.SupplierDeferredSecurityContext : Created SecurityContextImpl [Null authentication]
2026-08-21T21:34:08.776+03:00 TRACE 7284 --- [library] [io-5050-exec-10] o.s.security.web.FilterChainProxy        : Trying to match request against DefaultSecurityFilterChain defined as 'securityFilterChain' in [class path resource [org/library/security/SecurityConfig.class]] matching [any request] and having filters [DisableEncodeUrl, WebAsyncManagerIntegration, SecurityContextHolder, HeaderWriter, Logout, JwtAuth, RequestCacheAware, SecurityContextHolderAwareRequest, AnonymousAuthentication, SessionManagement, ExceptionTranslation, Authorization] (1/1)
2026-08-21T21:34:08.776+03:00 DEBUG 7284 --- [library] [io-5050-exec-10] o.s.security.web.FilterChainProxy        : Securing GET /api/users
2026-08-21T21:34:08.777+03:00 TRACE 7284 --- [library] [io-5050-exec-10] o.s.security.web.FilterChainProxy        : Invoking DisableEncodeUrlFilter (1/12)
2026-08-21T21:34:08.777+03:00 TRACE 7284 --- [library] [io-5050-exec-10] o.s.security.web.FilterChainProxy        : Invoking WebAsyncManagerIntegrationFilter (2/12)
2026-08-21T21:34:08.778+03:00 TRACE 7284 --- [library] [io-5050-exec-10] o.s.security.web.FilterChainProxy        : Invoking SecurityContextHolderFilter (3/12)
2026-08-21T21:34:08.778+03:00 TRACE 7284 --- [library] [io-5050-exec-10] o.s.security.web.FilterChainProxy        : Invoking HeaderWriterFilter (4/12)
2026-08-21T21:34:08.778+03:00 TRACE 7284 --- [library] [io-5050-exec-10] o.s.security.web.FilterChainProxy        : Invoking LogoutFilter (5/12)
2026-08-21T21:34:08.779+03:00 TRACE 7284 --- [library] [io-5050-exec-10] o.s.s.w.a.logout.LogoutFilter            : Did not match request to Or [PathPattern [GET /logout], PathPattern [POST /logout], PathPattern [PUT /logout], PathPattern [DELETE /logout]]
2026-08-21T21:34:08.779+03:00 TRACE 7284 --- [library] [io-5050-exec-10] o.s.security.web.FilterChainProxy        : Invoking JwtAuthFilter (6/12)
2026-08-21T21:34:08.781+03:00 TRACE 7284 --- [library] [io-5050-exec-10] .s.s.w.c.SupplierDeferredSecurityContext : Created SecurityContextImpl [Null authentication]
Hibernate: select u1_0.id,u1_0.email,u1_0.name,u1_0.password,u1_0.role from users u1_0 where u1_0.email=?
Hibernate: select u1_0.id,u1_0.email,u1_0.name,u1_0.password,u1_0.role from users u1_0 where u1_0.email=?
Hibernate: select u1_0.id,u1_0.email,u1_0.name,u1_0.password,u1_0.role from users u1_0 where u1_0.email=?
2026-08-21T21:34:08.833+03:00 TRACE 7284 --- [library] [nio-5050-exec-9] o.s.security.web.FilterChainProxy        : Invoking RequestCacheAwareFilter (7/12)
2026-08-21T21:34:08.833+03:00 TRACE 7284 --- [library] [nio-5050-exec-9] o.s.security.web.FilterChainProxy        : Invoking SecurityContextHolderAwareRequestFilter (8/12)
2026-08-21T21:34:08.834+03:00 TRACE 7284 --- [library] [nio-5050-exec-9] o.s.security.web.FilterChainProxy        : Invoking AnonymousAuthenticationFilter (9/12)
2026-08-21T21:34:08.834+03:00 TRACE 7284 --- [library] [nio-5050-exec-9] o.s.security.web.FilterChainProxy        : Invoking SessionManagementFilter (10/12)
2026-08-21T21:34:08.835+03:00 TRACE 7284 --- [library] [nio-5050-exec-9] o.s.s.w.a.AnonymousAuthenticationFilter  : Did not set SecurityContextHolder since already authenticated UsernamePasswordAuthenticationToken [Principal=User(id=13, name=Test User, email=test@example.com, password=$2a$10$/E99rsKfKX2o118lTpIPP.y/mU88iht6TNzF3rg8wHTNy9gwE6MiO, role=ADMIN), Credentials=[PROTECTED], Authenticated=true, Details=WebAuthenticationDetails [RemoteIpAddress=0:0:0:0:0:0:0:1, SessionId=null], Granted Authorities=[Role_ADMIN]]
2026-08-21T21:34:08.835+03:00 TRACE 7284 --- [library] [nio-5050-exec-9] s.CompositeSessionAuthenticationStrategy : Preparing session with ChangeSessionIdAuthenticationStrategy (1/1)
2026-08-21T21:34:08.835+03:00 TRACE 7284 --- [library] [nio-5050-exec-9] o.s.security.web.FilterChainProxy        : Invoking ExceptionTranslationFilter (11/12)
2026-08-21T21:34:08.836+03:00 TRACE 7284 --- [library] [nio-5050-exec-9] o.s.security.web.FilterChainProxy        : Invoking AuthorizationFilter (12/12)
2026-08-21T21:34:08.836+03:00 TRACE 7284 --- [library] [nio-5050-exec-9] estMatcherDelegatingAuthorizationManager : Authorizing GET /api/books
2026-08-21T21:34:08.836+03:00 TRACE 7284 --- [library] [nio-5050-exec-9] estMatcherDelegatingAuthorizationManager : Checking authorization on GET /api/books using org.springframework.security.authorization.AuthenticatedAuthorizationManager@35bafa3
2026-08-21T21:34:08.837+03:00 DEBUG 7284 --- [library] [nio-5050-exec-9] o.s.security.web.FilterChainProxy        : Secured GET /api/books
2026-08-21T21:34:08.846+03:00 TRACE 7284 --- [library] [io-5050-exec-10] o.s.security.web.FilterChainProxy        : Invoking RequestCacheAwareFilter (7/12)
2026-08-21T21:34:08.847+03:00 TRACE 7284 --- [library] [io-5050-exec-10] o.s.security.web.FilterChainProxy        : Invoking SecurityContextHolderAwareRequestFilter (8/12)
2026-08-21T21:34:08.847+03:00 TRACE 7284 --- [library] [io-5050-exec-10] o.s.security.web.FilterChainProxy        : Invoking AnonymousAuthenticationFilter (9/12)
2026-08-21T21:34:08.848+03:00 TRACE 7284 --- [library] [io-5050-exec-10] o.s.security.web.FilterChainProxy        : Invoking SessionManagementFilter (10/12)
2026-08-21T21:34:08.849+03:00 TRACE 7284 --- [library] [io-5050-exec-10] o.s.s.w.a.AnonymousAuthenticationFilter  : Did not set SecurityContextHolder since already authenticated UsernamePasswordAuthenticationToken [Principal=User(id=13, name=Test User, email=test@example.com, password=$2a$10$/E99rsKfKX2o118lTpIPP.y/mU88iht6TNzF3rg8wHTNy9gwE6MiO, role=ADMIN), Credentials=[PROTECTED], Authenticated=true, Details=WebAuthenticationDetails [RemoteIpAddress=0:0:0:0:0:0:0:1, SessionId=null], Granted Authorities=[Role_ADMIN]]
2026-08-21T21:34:08.849+03:00 TRACE 7284 --- [library] [io-5050-exec-10] s.CompositeSessionAuthenticationStrategy : Preparing session with ChangeSessionIdAuthenticationStrategy (1/1)
2026-08-21T21:34:08.849+03:00 TRACE 7284 --- [library] [io-5050-exec-10] o.s.security.web.FilterChainProxy        : Invoking ExceptionTranslationFilter (11/12)
2026-08-21T21:34:08.850+03:00 TRACE 7284 --- [library] [io-5050-exec-10] o.s.security.web.FilterChainProxy        : Invoking AuthorizationFilter (12/12)
2026-08-21T21:34:08.850+03:00 TRACE 7284 --- [library] [io-5050-exec-10] estMatcherDelegatingAuthorizationManager : Authorizing GET /api/users
2026-08-21T21:34:08.851+03:00 TRACE 7284 --- [library] [io-5050-exec-10] estMatcherDelegatingAuthorizationManager : Checking authorization on GET /api/users using org.springframework.security.authorization.AuthenticatedAuthorizationManager@35bafa3
2026-08-21T21:34:08.852+03:00 DEBUG 7284 --- [library] [io-5050-exec-10] o.s.security.web.FilterChainProxy        : Secured GET /api/users
Hibernate: select b1_0.id,b1_0.available_copies,b1_0.category_id,b1_0.description,b1_0.title from books b1_0
Hibernate: select u1_0.id,u1_0.email,u1_0.name,u1_0.password,u1_0.role from users u1_0
2026-08-21T21:34:08.951+03:00 TRACE 7284 --- [library] [nio-5050-exec-8] o.s.security.web.FilterChainProxy        : Invoking RequestCacheAwareFilter (7/12)
2026-08-21T21:34:08.951+03:00 TRACE 7284 --- [library] [nio-5050-exec-8] o.s.security.web.FilterChainProxy        : Invoking SecurityContextHolderAwareRequestFilter (8/12)
2026-08-21T21:34:08.952+03:00 TRACE 7284 --- [library] [nio-5050-exec-8] o.s.security.web.FilterChainProxy        : Invoking AnonymousAuthenticationFilter (9/12)
2026-08-21T21:34:08.952+03:00 TRACE 7284 --- [library] [nio-5050-exec-8] o.s.security.web.FilterChainProxy        : Invoking SessionManagementFilter (10/12)
2026-08-21T21:34:08.953+03:00 TRACE 7284 --- [library] [nio-5050-exec-8] o.s.s.w.a.AnonymousAuthenticationFilter  : Did not set SecurityContextHolder since already authenticated UsernamePasswordAuthenticationToken [Principal=User(id=13, name=Test User, email=test@example.com, password=$2a$10$/E99rsKfKX2o118lTpIPP.y/mU88iht6TNzF3rg8wHTNy9gwE6MiO, role=ADMIN), Credentials=[PROTECTED], Authenticated=true, Details=WebAuthenticationDetails [RemoteIpAddress=0:0:0:0:0:0:0:1, SessionId=null], Granted Authorities=[Role_ADMIN]]
2026-08-21T21:34:08.953+03:00 TRACE 7284 --- [library] [nio-5050-exec-8] s.CompositeSessionAuthenticationStrategy : Preparing session with ChangeSessionIdAuthenticationStrategy (1/1)
2026-08-21T21:34:08.953+03:00 TRACE 7284 --- [library] [nio-5050-exec-8] o.s.security.web.FilterChainProxy        : Invoking ExceptionTranslationFilter (11/12)
2026-08-21T21:34:08.954+03:00 TRACE 7284 --- [library] [nio-5050-exec-8] o.s.security.web.FilterChainProxy        : Invoking AuthorizationFilter (12/12)
2026-08-21T21:34:08.954+03:00 TRACE 7284 --- [library] [nio-5050-exec-8] estMatcherDelegatingAuthorizationManager : Authorizing GET /api/borrow
2026-08-21T21:34:08.954+03:00 TRACE 7284 --- [library] [nio-5050-exec-8] estMatcherDelegatingAuthorizationManager : Checking authorization on GET /api/borrow using org.springframework.security.authorization.AuthenticatedAuthorizationManager@35bafa3
2026-08-21T21:34:08.955+03:00 DEBUG 7284 --- [library] [nio-5050-exec-8] o.s.security.web.FilterChainProxy        : Secured GET /api/borrow
Hibernate: select c1_0.id,c1_0.name from categories c1_0 where c1_0.id=?
Hibernate: select br1_0.id,br1_0.book_id,br1_0.borrow_date,br1_0.due_date,br1_0.return_date,br1_0.user_id from borrow_records br1_0
Hibernate: select b1_0.id,b1_0.available_copies,b1_0.category_id,c1_0.id,c1_0.name,b1_0.description,b1_0.title from books b1_0 join categories c1_0 on c1_0.id=b1_0.category_id where b1_0.id=?
2026-08-21T21:34:09.023+03:00 TRACE 7284 --- [library] [io-5050-exec-10] o.s.s.w.header.writers.HstsHeaderWriter  : Not injecting HSTS header since it did not match request to [Is Secure]
Hibernate: select a1_0.book_id,a1_1.id,a1_1.name from book_authors a1_0 join authors a1_1 on a1_1.id=a1_0.author_id where a1_0.book_id=?
2026-08-21T21:34:09.654+03:00 TRACE 7284 --- [library] [nio-5050-exec-9] o.s.s.w.header.writers.HstsHeaderWriter  : Not injecting HSTS header since it did not match request to [Is Secure]
Hibernate: select u1_0.id,u1_0.email,u1_0.name,u1_0.password,u1_0.role from users u1_0 where u1_0.id=?
Hibernate: select a1_0.book_id,a1_1.id,a1_1.name from book_authors a1_0 join authors a1_1 on a1_1.id=a1_0.author_id where a1_0.book_id=?
2026-08-21T21:34:10.231+03:00 TRACE 7284 --- [library] [nio-5050-exec-8] o.s.s.w.header.writers.HstsHeaderWriter  : Not injecting HSTS header since it did not match request to [Is Secure]
2026-08-21T21:34:12.206+03:00 TRACE 7284 --- [library] [nio-5050-exec-1] o.s.security.web.FilterChainProxy        : Trying to match request against DefaultSecurityFilterChain defined as 'securityFilterChain' in [class path resource [org/library/security/SecurityConfig.class]] matching [any request] and having filters [DisableEncodeUrl, WebAsyncManagerIntegration, SecurityContextHolder, HeaderWriter, Logout, JwtAuth, RequestCacheAware, SecurityContextHolderAwareRequest, AnonymousAuthentication, SessionManagement, ExceptionTranslation, Authorization] (1/1)
2026-08-21T21:34:12.206+03:00 DEBUG 7284 --- [library] [nio-5050-exec-1] o.s.security.web.FilterChainProxy        : Securing GET /api/borrow
2026-08-21T21:34:12.209+03:00 TRACE 7284 --- [library] [nio-5050-exec-1] o.s.security.web.FilterChainProxy        : Invoking DisableEncodeUrlFilter (1/12)
2026-08-21T21:34:12.209+03:00 TRACE 7284 --- [library] [nio-5050-exec-1] o.s.security.web.FilterChainProxy        : Invoking WebAsyncManagerIntegrationFilter (2/12)
2026-08-21T21:34:12.210+03:00 TRACE 7284 --- [library] [nio-5050-exec-1] o.s.security.web.FilterChainProxy        : Invoking SecurityContextHolderFilter (3/12)
2026-08-21T21:34:12.210+03:00 TRACE 7284 --- [library] [nio-5050-exec-1] o.s.security.web.FilterChainProxy        : Invoking HeaderWriterFilter (4/12)
2026-08-21T21:34:12.210+03:00 TRACE 7284 --- [library] [nio-5050-exec-1] o.s.security.web.FilterChainProxy        : Invoking LogoutFilter (5/12)
2026-08-21T21:34:12.211+03:00 TRACE 7284 --- [library] [nio-5050-exec-1] o.s.s.w.a.logout.LogoutFilter            : Did not match request to Or [PathPattern [GET /logout], PathPattern [POST /logout], PathPattern [PUT /logout], PathPattern [DELETE /logout]]
2026-08-21T21:34:12.211+03:00 TRACE 7284 --- [library] [nio-5050-exec-1] o.s.security.web.FilterChainProxy        : Invoking JwtAuthFilter (6/12)
2026-08-21T21:34:12.208+03:00 TRACE 7284 --- [library] [nio-5050-exec-3] o.s.security.web.FilterChainProxy        : Trying to match request against DefaultSecurityFilterChain defined as 'securityFilterChain' in [class path resource [org/library/security/SecurityConfig.class]] matching [any request] and having filters [DisableEncodeUrl, WebAsyncManagerIntegration, SecurityContextHolder, HeaderWriter, Logout, JwtAuth, RequestCacheAware, SecurityContextHolderAwareRequest, AnonymousAuthentication, SessionManagement, ExceptionTranslation, Authorization] (1/1)
2026-08-21T21:34:12.216+03:00 DEBUG 7284 --- [library] [nio-5050-exec-3] o.s.security.web.FilterChainProxy        : Securing GET /api/users
2026-08-21T21:34:12.208+03:00 TRACE 7284 --- [library] [nio-5050-exec-2] o.s.security.web.FilterChainProxy        : Trying to match request against DefaultSecurityFilterChain defined as 'securityFilterChain' in [class path resource [org/library/security/SecurityConfig.class]] matching [any request] and having filters [DisableEncodeUrl, WebAsyncManagerIntegration, SecurityContextHolder, HeaderWriter, Logout, JwtAuth, RequestCacheAware, SecurityContextHolderAwareRequest, AnonymousAuthentication, SessionManagement, ExceptionTranslation, Authorization] (1/1)
2026-08-21T21:34:12.216+03:00 TRACE 7284 --- [library] [nio-5050-exec-1] .s.s.w.c.SupplierDeferredSecurityContext : Created SecurityContextImpl [Null authentication]
2026-08-21T21:34:12.217+03:00 TRACE 7284 --- [library] [nio-5050-exec-3] o.s.security.web.FilterChainProxy        : Invoking DisableEncodeUrlFilter (1/12)
2026-08-21T21:34:12.218+03:00 TRACE 7284 --- [library] [nio-5050-exec-3] o.s.security.web.FilterChainProxy        : Invoking WebAsyncManagerIntegrationFilter (2/12)
2026-08-21T21:34:12.218+03:00 TRACE 7284 --- [library] [nio-5050-exec-3] o.s.security.web.FilterChainProxy        : Invoking SecurityContextHolderFilter (3/12)
2026-08-21T21:34:12.219+03:00 TRACE 7284 --- [library] [nio-5050-exec-3] o.s.security.web.FilterChainProxy        : Invoking HeaderWriterFilter (4/12)
2026-08-21T21:34:12.219+03:00 TRACE 7284 --- [library] [nio-5050-exec-3] o.s.security.web.FilterChainProxy        : Invoking LogoutFilter (5/12)
2026-08-21T21:34:12.217+03:00 DEBUG 7284 --- [library] [nio-5050-exec-2] o.s.security.web.FilterChainProxy        : Securing GET /api/books
2026-08-21T21:34:12.220+03:00 TRACE 7284 --- [library] [nio-5050-exec-3] o.s.s.w.a.logout.LogoutFilter            : Did not match request to Or [PathPattern [GET /logout], PathPattern [POST /logout], PathPattern [PUT /logout], PathPattern [DELETE /logout]]
2026-08-21T21:34:12.220+03:00 TRACE 7284 --- [library] [nio-5050-exec-2] o.s.security.web.FilterChainProxy        : Invoking DisableEncodeUrlFilter (1/12)
2026-08-21T21:34:12.220+03:00 TRACE 7284 --- [library] [nio-5050-exec-3] o.s.security.web.FilterChainProxy        : Invoking JwtAuthFilter (6/12)
2026-08-21T21:34:12.220+03:00 TRACE 7284 --- [library] [nio-5050-exec-2] o.s.security.web.FilterChainProxy        : Invoking WebAsyncManagerIntegrationFilter (2/12)
2026-08-21T21:34:12.222+03:00 TRACE 7284 --- [library] [nio-5050-exec-2] o.s.security.web.FilterChainProxy        : Invoking SecurityContextHolderFilter (3/12)
2026-08-21T21:34:12.224+03:00 TRACE 7284 --- [library] [nio-5050-exec-2] o.s.security.web.FilterChainProxy        : Invoking HeaderWriterFilter (4/12)
2026-08-21T21:34:12.228+03:00 TRACE 7284 --- [library] [nio-5050-exec-2] o.s.security.web.FilterChainProxy        : Invoking LogoutFilter (5/12)
2026-08-21T21:34:12.229+03:00 TRACE 7284 --- [library] [nio-5050-exec-2] o.s.s.w.a.logout.LogoutFilter            : Did not match request to Or [PathPattern [GET /logout], PathPattern [POST /logout], PathPattern [PUT /logout], PathPattern [DELETE /logout]]
2026-08-21T21:34:12.230+03:00 TRACE 7284 --- [library] [nio-5050-exec-2] o.s.security.web.FilterChainProxy        : Invoking JwtAuthFilter (6/12)
2026-08-21T21:34:12.227+03:00 TRACE 7284 --- [library] [nio-5050-exec-3] .s.s.w.c.SupplierDeferredSecurityContext : Created SecurityContextImpl [Null authentication]
2026-08-21T21:34:12.231+03:00 TRACE 7284 --- [library] [nio-5050-exec-2] .s.s.w.c.SupplierDeferredSecurityContext : Created SecurityContextImpl [Null authentication]
Hibernate: select u1_0.id,u1_0.email,u1_0.name,u1_0.password,u1_0.role from users u1_0 where u1_0.email=?
Hibernate: select u1_0.id,u1_0.email,u1_0.name,u1_0.password,u1_0.role from users u1_0 where u1_0.email=?
Hibernate: select u1_0.id,u1_0.email,u1_0.name,u1_0.password,u1_0.role from users u1_0 where u1_0.email=?
2026-08-21T21:34:12.256+03:00 TRACE 7284 --- [library] [nio-5050-exec-1] o.s.security.web.FilterChainProxy        : Invoking RequestCacheAwareFilter (7/12)
2026-08-21T21:34:12.256+03:00 TRACE 7284 --- [library] [nio-5050-exec-1] o.s.security.web.FilterChainProxy        : Invoking SecurityContextHolderAwareRequestFilter (8/12)
2026-08-21T21:34:12.257+03:00 TRACE 7284 --- [library] [nio-5050-exec-1] o.s.security.web.FilterChainProxy        : Invoking AnonymousAuthenticationFilter (9/12)
2026-08-21T21:34:12.257+03:00 TRACE 7284 --- [library] [nio-5050-exec-1] o.s.security.web.FilterChainProxy        : Invoking SessionManagementFilter (10/12)
2026-08-21T21:34:12.257+03:00 TRACE 7284 --- [library] [nio-5050-exec-1] o.s.s.w.a.AnonymousAuthenticationFilter  : Did not set SecurityContextHolder since already authenticated UsernamePasswordAuthenticationToken [Principal=User(id=13, name=Test User, email=test@example.com, password=$2a$10$/E99rsKfKX2o118lTpIPP.y/mU88iht6TNzF3rg8wHTNy9gwE6MiO, role=ADMIN), Credentials=[PROTECTED], Authenticated=true, Details=WebAuthenticationDetails [RemoteIpAddress=0:0:0:0:0:0:0:1, SessionId=null], Granted Authorities=[Role_ADMIN]]
2026-08-21T21:34:12.258+03:00 TRACE 7284 --- [library] [nio-5050-exec-1] s.CompositeSessionAuthenticationStrategy : Preparing session with ChangeSessionIdAuthenticationStrategy (1/1)
2026-08-21T21:34:12.258+03:00 TRACE 7284 --- [library] [nio-5050-exec-1] o.s.security.web.FilterChainProxy        : Invoking ExceptionTranslationFilter (11/12)
2026-08-21T21:34:12.258+03:00 TRACE 7284 --- [library] [nio-5050-exec-1] o.s.security.web.FilterChainProxy        : Invoking AuthorizationFilter (12/12)
2026-08-21T21:34:12.259+03:00 TRACE 7284 --- [library] [nio-5050-exec-1] estMatcherDelegatingAuthorizationManager : Authorizing GET /api/borrow
2026-08-21T21:34:12.259+03:00 TRACE 7284 --- [library] [nio-5050-exec-1] estMatcherDelegatingAuthorizationManager : Checking authorization on GET /api/borrow using org.springframework.security.authorization.AuthenticatedAuthorizationManager@35bafa3
2026-08-21T21:34:12.259+03:00 TRACE 7284 --- [library] [nio-5050-exec-3] o.s.security.web.FilterChainProxy        : Invoking RequestCacheAwareFilter (7/12)
2026-08-21T21:34:12.259+03:00 DEBUG 7284 --- [library] [nio-5050-exec-1] o.s.security.web.FilterChainProxy        : Secured GET /api/borrow
2026-08-21T21:34:12.260+03:00 TRACE 7284 --- [library] [nio-5050-exec-3] o.s.security.web.FilterChainProxy        : Invoking SecurityContextHolderAwareRequestFilter (8/12)
2026-08-21T21:34:12.260+03:00 TRACE 7284 --- [library] [nio-5050-exec-3] o.s.security.web.FilterChainProxy        : Invoking AnonymousAuthenticationFilter (9/12)
2026-08-21T21:34:12.261+03:00 TRACE 7284 --- [library] [nio-5050-exec-3] o.s.security.web.FilterChainProxy        : Invoking SessionManagementFilter (10/12)
2026-08-21T21:34:12.261+03:00 TRACE 7284 --- [library] [nio-5050-exec-3] o.s.s.w.a.AnonymousAuthenticationFilter  : Did not set SecurityContextHolder since already authenticated UsernamePasswordAuthenticationToken [Principal=User(id=13, name=Test User, email=test@example.com, password=$2a$10$/E99rsKfKX2o118lTpIPP.y/mU88iht6TNzF3rg8wHTNy9gwE6MiO, role=ADMIN), Credentials=[PROTECTED], Authenticated=true, Details=WebAuthenticationDetails [RemoteIpAddress=0:0:0:0:0:0:0:1, SessionId=null], Granted Authorities=[Role_ADMIN]]
2026-08-21T21:34:12.261+03:00 TRACE 7284 --- [library] [nio-5050-exec-3] s.CompositeSessionAuthenticationStrategy : Preparing session with ChangeSessionIdAuthenticationStrategy (1/1)
2026-08-21T21:34:12.262+03:00 TRACE 7284 --- [library] [nio-5050-exec-3] o.s.security.web.FilterChainProxy        : Invoking ExceptionTranslationFilter (11/12)
2026-08-21T21:34:12.262+03:00 TRACE 7284 --- [library] [nio-5050-exec-3] o.s.security.web.FilterChainProxy        : Invoking AuthorizationFilter (12/12)
2026-08-21T21:34:12.263+03:00 TRACE 7284 --- [library] [nio-5050-exec-3] estMatcherDelegatingAuthorizationManager : Authorizing GET /api/users
2026-08-21T21:34:12.263+03:00 TRACE 7284 --- [library] [nio-5050-exec-3] estMatcherDelegatingAuthorizationManager : Checking authorization on GET /api/users using org.springframework.security.authorization.AuthenticatedAuthorizationManager@35bafa3
2026-08-21T21:34:12.264+03:00 DEBUG 7284 --- [library] [nio-5050-exec-3] o.s.security.web.FilterChainProxy        : Secured GET /api/users
Hibernate: select br1_0.id,br1_0.book_id,br1_0.borrow_date,br1_0.due_date,br1_0.return_date,br1_0.user_id from borrow_records br1_0
Hibernate: select u1_0.id,u1_0.email,u1_0.name,u1_0.password,u1_0.role from users u1_0
2026-08-21T21:34:12.280+03:00 TRACE 7284 --- [library] [nio-5050-exec-2] o.s.security.web.FilterChainProxy        : Invoking RequestCacheAwareFilter (7/12)
2026-08-21T21:34:12.281+03:00 TRACE 7284 --- [library] [nio-5050-exec-2] o.s.security.web.FilterChainProxy        : Invoking SecurityContextHolderAwareRequestFilter (8/12)
2026-08-21T21:34:12.281+03:00 TRACE 7284 --- [library] [nio-5050-exec-2] o.s.security.web.FilterChainProxy        : Invoking AnonymousAuthenticationFilter (9/12)
2026-08-21T21:34:12.281+03:00 TRACE 7284 --- [library] [nio-5050-exec-2] o.s.security.web.FilterChainProxy        : Invoking SessionManagementFilter (10/12)
2026-08-21T21:34:12.282+03:00 TRACE 7284 --- [library] [nio-5050-exec-2] o.s.s.w.a.AnonymousAuthenticationFilter  : Did not set SecurityContextHolder since already authenticated UsernamePasswordAuthenticationToken [Principal=User(id=13, name=Test User, email=test@example.com, password=$2a$10$/E99rsKfKX2o118lTpIPP.y/mU88iht6TNzF3rg8wHTNy9gwE6MiO, role=ADMIN), Credentials=[PROTECTED], Authenticated=true, Details=WebAuthenticationDetails [RemoteIpAddress=0:0:0:0:0:0:0:1, SessionId=null], Granted Authorities=[Role_ADMIN]]
2026-08-21T21:34:12.282+03:00 TRACE 7284 --- [library] [nio-5050-exec-2] s.CompositeSessionAuthenticationStrategy : Preparing session with ChangeSessionIdAuthenticationStrategy (1/1)
2026-08-21T21:34:12.282+03:00 TRACE 7284 --- [library] [nio-5050-exec-2] o.s.security.web.FilterChainProxy        : Invoking ExceptionTranslationFilter (11/12)
2026-08-21T21:34:12.283+03:00 TRACE 7284 --- [library] [nio-5050-exec-2] o.s.security.web.FilterChainProxy        : Invoking AuthorizationFilter (12/12)
2026-08-21T21:34:12.283+03:00 TRACE 7284 --- [library] [nio-5050-exec-2] estMatcherDelegatingAuthorizationManager : Authorizing GET /api/books
2026-08-21T21:34:12.283+03:00 TRACE 7284 --- [library] [nio-5050-exec-2] estMatcherDelegatingAuthorizationManager : Checking authorization on GET /api/books using org.springframework.security.authorization.AuthenticatedAuthorizationManager@35bafa3
2026-08-21T21:34:12.284+03:00 DEBUG 7284 --- [library] [nio-5050-exec-2] o.s.security.web.FilterChainProxy        : Secured GET /api/books
Hibernate: select b1_0.id,b1_0.available_copies,b1_0.category_id,c1_0.id,c1_0.name,b1_0.description,b1_0.title from books b1_0 join categories c1_0 on c1_0.id=b1_0.category_id where b1_0.id=?
Hibernate: select b1_0.id,b1_0.available_copies,b1_0.category_id,b1_0.description,b1_0.title from books b1_0
2026-08-21T21:34:12.360+03:00 TRACE 7284 --- [library] [nio-5050-exec-3] o.s.s.w.header.writers.HstsHeaderWriter  : Not injecting HSTS header since it did not match request to [Is Secure]
Hibernate: select u1_0.id,u1_0.email,u1_0.name,u1_0.password,u1_0.role from users u1_0 where u1_0.id=?
Hibernate: select c1_0.id,c1_0.name from categories c1_0 where c1_0.id=?
Hibernate: select a1_0.book_id,a1_1.id,a1_1.name from book_authors a1_0 join authors a1_1 on a1_1.id=a1_0.author_id where a1_0.book_id=?
Hibernate: select a1_0.book_id,a1_1.id,a1_1.name from book_authors a1_0 join authors a1_1 on a1_1.id=a1_0.author_id where a1_0.book_id=?
2026-08-21T21:34:12.425+03:00 TRACE 7284 --- [library] [nio-5050-exec-1] o.s.s.w.header.writers.HstsHeaderWriter  : Not injecting HSTS header since it did not match request to [Is Secure]
2026-08-21T21:34:12.438+03:00 TRACE 7284 --- [library] [nio-5050-exec-2] o.s.s.w.header.writers.HstsHeaderWriter  : Not injecting HSTS header since it did not match request to [Is Secure]
